# Mini-Circuits,Lab.
# Model:ZVA-183+
# Mini-Circuits,Lab.,Run:,EXPRM,,Date,Code:,1030;
# Fixture:,N/R;,Vcc=+12V,,Icc=330mA;
# Connection:,Port,1,to,Input,,Port,2,to,Output;
# Mini-Circuits,Lab.,Tested,with,PNA-X,Network,Analyzer,AG,N5242A,,S/N,71404,,Cal.Due.:,05/26/2011.
# iip2(dBm)  = None
DG(dB)=0
nominal_gain(dB)=26
op1db(dBm)=24
oip3(dbm)=33
freq(Hz)	gain(dB)	phase(rad)	nf(dB)	op1db(dBm)	oip3(dBm)
10000000.0	-47.65359	-1.9279639955815202	4.84	23.77	36.01
11000000.0	-48.95219	-1.4376058882520795	4.84	23.77	36.01
12000000.0	-48.62656	-1.6318975113804148	4.84	23.77	36.01
13000000.0	-46.78698	-1.6221735839858538	4.84	23.77	36.01
14000000.0	-44.19961	-1.7195254316682194	4.84	23.77	36.01
15000000.0	-42.25447	-1.8456891746425077	4.84	23.77	36.01
16000000.0	-41.179	-1.8347267616107312	4.84	23.77	36.01
17000000.0	-39.2876	-1.9204102105788887	4.84	23.77	36.01
18000000.0	-38.20967	-1.970188746175019	4.84	23.77	36.01
19000000.0	-37.18873	-2.0378254906775553	4.84	23.77	36.01
20000000.0	-35.89287	-1.9279639955815202	4.84	23.77	36.01
21000000.0	-34.68952	-2.091555451700201	4.84	23.77	36.01
22000000.0	-33.70648	-2.115780621717882	4.84	23.77	36.01
23000000.0	-32.79374	-2.1328778670704183	4.84	23.77	36.01
24000000.0	-31.87751	-2.172749913832229	4.84	23.77	36.01
25000000.0	-30.90489	-2.2008165535335498	4.84	23.77	36.01
26000000.0	-30.12193	-2.20443985706069	4.84	23.77	36.01
27000000.0	-29.29152	-2.229590051581928	4.84	23.77	36.01
28000000.0	-28.63541	-2.2481970067374397	4.84	23.77	36.01
29000000.0	-27.79938	-2.2593252260481558	4.84	23.77	36.01
30000000.0	-27.07543	-2.284004181671355	4.84	23.77	36.01
31000000.0	-26.40419	-2.294710031303089	4.84	23.77	36.01
32000000.0	-25.74056	-2.307435226879379	4.84	23.77	36.01
33000000.0	-25.05908	-2.3181829644131606	4.84	23.77	36.01
34000000.0	-24.42206	-2.337800465205577	4.84	23.77	36.01
35000000.0	-23.78913	-2.3446299385686307	4.84	23.77	36.01
36000000.0	-23.1534	-2.352723030310128	4.84	23.77	36.01
37000000.0	-22.6236	-2.371809951009938	4.84	23.77	36.01
38000000.0	-22.05437	-2.379868136166396	4.84	23.77	36.01
39000000.0	-21.45855	-2.3948256078559873	4.84	23.77	36.01
40000000.0	-20.88806	-2.399831212150707	4.84	23.77	36.01
41000000.0	-20.33933	-2.4116261472356846	4.84	23.77	36.01
42000000.0	-19.81117	-2.4224349712932858	4.84	23.77	36.01
43000000.0	-19.32519	-2.4319190904486225	4.84	23.77	36.01
44000000.0	-18.81864	-2.439275653245779	4.84	23.77	36.01
45000000.0	-18.32814	-2.4484560851112693	4.84	23.77	36.01
46000000.0	-17.8388	-2.4583538472993287	4.84	23.77	36.01
47000000.0	-17.3748	-2.4673422929471	4.84	23.77	36.01
48000000.0	-16.90934	-2.474295684687045	4.84	23.77	36.01
49000000.0	-16.44967	-2.485797404457688	4.84	23.77	36.01
50000000.0	-15.97637	-2.50845701413633	4.84	23.77	36.01
51000000.0	-15.57221	-2.500873558536415	4.84	23.77	36.01
52000000.0	-15.16406	-2.5095356276140626	4.84	23.77	36.01
53000000.0	-14.71637	-2.5165553418655837	4.84	23.77	36.01
54000000.0	-14.34671	-2.526008045094385	4.84	23.77	36.01
55000000.0	-13.89721	-2.533132479101026	4.84	23.77	36.01
56000000.0	-13.50222	-2.5417666229106417	4.84	23.77	36.01
57000000.0	-13.13505	-2.5499138198589515	4.84	23.77	36.01
58000000.0	-12.73195	-2.5575339273731585	4.84	23.77	36.01
59000000.0	-12.36508	-2.5653687103853615	4.84	23.77	36.01
60000000.0	-12.00612	-2.5730481590941365	4.84	23.77	36.01
61000000.0	-11.62395	-2.5799404643102624	4.84	23.77	36.01
62000000.0	-11.26356	-2.587288300461158	4.84	23.77	36.01
63000000.0	-10.89922	-2.5964373164001127	4.84	23.77	36.01
64000000.0	-10.55489	-2.6029212145712712	4.84	23.77	36.01
65000000.0	-10.20269	-2.6097489426050733	4.84	23.77	36.01
66000000.0	-9.855694	-2.6179450087724385	4.84	23.77	36.01
67000000.0	-9.511342	-2.625483085811802	4.84	23.77	36.01
68000000.0	-9.200331	-2.632935641717818	4.84	23.77	36.01
69000000.0	-8.85742	-2.640765188742264	4.84	23.77	36.01
70000000.0	-8.540872	-2.647654003299886	4.84	23.77	36.01
71000000.0	-8.203742	-2.655706952468588	4.84	23.77	36.01
72000000.0	-7.894175	-2.663339277287559	4.84	23.77	36.01
73000000.0	-7.584535	-2.670947167497002	4.84	23.77	36.01
74000000.0	-7.280575	-2.6781780665880146	4.84	23.77	36.01
75000000.0	-6.970341	-2.6859186018206094	4.84	23.77	36.01
76000000.0	-6.676035	-2.693074451753786	4.84	23.77	36.01
77000000.0	-6.381423	-2.700015626188968	4.84	23.77	36.01
78000000.0	-6.07695	-2.7084158958788165	4.84	23.77	36.01
79000000.0	-5.790615	-2.7154687713861256	4.84	23.77	36.01
80000000.0	-5.497152	-2.722535609527451	4.84	23.77	36.01
81000000.0	-5.216788	-2.7300859038715783	4.84	23.77	36.01
82000000.0	-4.936777	-2.738102201125988	4.84	23.77	36.01
83000000.0	-4.666323	-2.745540794397988	4.84	23.77	36.01
84000000.0	-4.388366	-2.753195808497235	4.84	23.77	36.01
85000000.0	-4.120852	-2.760974740973374	4.84	23.77	36.01
86000000.0	-3.854258	-2.7689927835570356	4.84	23.77	36.01
87000000.0	-3.590636	-2.7764348674875396	4.84	23.77	36.01
88000000.0	-3.330846	-2.783747797053396	4.84	23.77	36.01
89000000.0	-3.06693	-2.7915965426996143	4.84	23.77	36.01
90000000.0	-2.815715	-2.7995220828329206	4.84	23.77	36.01
91000000.0	-2.56508	-2.806405661402786	4.84	23.77	36.01
92000000.0	-2.308467	-2.8145842742776317	4.84	23.77	36.01
93000000.0	-2.066358	-2.82184658929518	4.84	23.77	36.01
94000000.0	-1.818686	-2.8296412297345865	4.84	23.77	36.01
95000000.0	-1.581095	-2.8377587560856123	4.84	23.77	36.01
96000000.0	-1.338951	-2.845289851807968	4.84	23.77	36.01
97000000.0	-1.099719	-2.8526778305316602	4.84	23.77	36.01
98000000.0	-0.864997	-2.861017013697689	4.84	23.77	36.01
99000000.0	-0.6320618	-2.8684974948717366	4.84	23.77	36.01
100000000.0	-0.3991466	-2.875960522753264	4.84	23.77	36.01
110000000.0	1.796527	-2.9558948571653523	4.84	23.77	36.01
120000000.0	3.785562	-3.03733366539266	4.84	23.77	36.01
130000000.0	5.609437	-3.1202001529480987	4.84	23.77	36.01
140000000.0	7.275368	3.077952713074324	4.84	23.77	36.01
150000000.0	8.808905	2.991527499174069	4.84	23.77	36.01
160000000.0	10.23705	2.9043675016587236	4.84	23.77	36.01
170000000.0	11.55214	2.8163383301758858	4.84	23.77	36.01
180000000.0	12.77369	2.727504561907878	4.84	23.77	36.01
190000000.0	13.9007	2.6385870178357753	4.84	23.77	36.01
200000000.0	14.94629	2.5495368287405205	4.84	23.77	36.01
210000000.0	15.90992	2.4610329277011402	4.84	23.77	36.01
220000000.0	16.80073	2.3723352951147887	4.84	23.77	36.01
230000000.0	17.62454	2.2841979132183265	4.84	23.77	36.01
240000000.0	18.38439	2.1964794103423437	4.84	23.77	36.01
250000000.0	19.08535	2.109862210224369	4.84	23.77	36.01
260000000.0	19.72331	2.024613348239958	4.84	23.77	36.01
270000000.0	20.3184	1.9408846680340341	4.84	23.77	36.01
280000000.0	20.86759	1.8585731951807296	4.84	23.77	36.01
290000000.0	21.37125	1.776919711455427	4.84	23.77	36.01
300000000.0	21.83282	1.6978184226953155	4.84	23.77	36.01
310000000.0	22.25605	1.6200057105219516	4.84	23.77	36.01
320000000.0	22.64753	1.5440875532516274	4.84	23.77	36.01
330000000.0	23.0046	1.4693000202707451	4.84	23.77	36.01
340000000.0	23.33475	1.397099588840094	4.84	23.77	36.01
350000000.0	23.63886	1.326413056002623	4.84	23.77	36.01
360000000.0	23.91422	1.257339556459845	4.84	23.77	36.01
370000000.0	24.16829	1.1908967916985982	4.84	23.77	36.01
380000000.0	24.40537	1.1253991227273061	4.84	23.77	36.01
390000000.0	24.62333	1.0617396345242145	4.84	23.77	36.01
400000000.0	24.82835	0.9999949470434859	4.84	23.77	36.01
410000000.0	25.0161	0.9394847309426929	4.84	23.77	36.01
420000000.0	25.18831	0.8805491508930491	4.84	23.77	36.01
430000000.0	25.34761	0.8234660633114723	4.84	23.77	36.01
440000000.0	25.499	0.767265763265554	4.84	23.77	36.01
450000000.0	25.63653	0.712555974400839	4.84	23.77	36.01
460000000.0	25.76586	0.6590590148333347	4.84	23.77	36.01
470000000.0	25.88813	0.6069530826796701	4.84	23.77	36.01
480000000.0	26.00448	0.5558357050143349	4.84	23.77	36.01
490000000.0	26.11024	0.5053583395857061	4.84	23.77	36.01
500000000.0	26.2157	0.45590687869139956	4.84	23.77	36.01
510000000.0	26.3173	0.40686050871648094	4.84	23.77	36.01
520000000.0	26.41122	0.35878157474594274	4.84	23.77	36.01
530000000.0	26.4998	0.3107539534554132	4.84	23.77	36.01
540000000.0	26.59039	0.26299109861241116	4.84	23.77	36.01
550000000.0	26.67274	0.21427197787224145	4.84	23.77	36.01
560000000.0	26.74266	0.16413990838282722	4.84	23.77	36.01
570000000.0	26.78567	0.11185949566384061	4.84	23.77	36.01
580000000.0	26.77058	0.058346548880388156	4.84	23.77	36.01
590000000.0	26.68178	0.008931499044936727	4.84	23.77	36.01
600000000.0	26.54433	-0.028237629608138696	4.84	23.77	36.01
610000000.0	26.45723	-0.05478834613434731	4.84	23.77	36.01
620000000.0	26.439	-0.0777627433968794	4.84	23.77	36.01
630000000.0	26.47491	-0.10092457156778314	4.84	23.77	36.01
640000000.0	26.55233	-0.12608516825136332	4.84	23.77	36.01
650000000.0	26.65277	-0.15597169767032365	4.84	23.77	36.01
660000000.0	26.74065	-0.18961361713421515	4.84	23.77	36.01
670000000.0	26.8062	-0.22464289882051697	4.84	23.77	36.01
680000000.0	26.8609	-0.2586883384074695	4.84	23.77	36.01
690000000.0	26.90843	-0.2921911551299771	4.84	23.77	36.01
700000000.0	26.95598	-0.3257623887591628	4.84	23.77	36.01
710000000.0	26.99902	-0.35881229254077784	4.832	23.7715	36.0785
720000000.0	27.04002	-0.3916438556329684	4.824	23.773	36.147
730000000.0	27.08095	-0.42439094478936235	4.816	23.7745	36.2155
740000000.0	27.11657	-0.45665562494050516	4.808	23.776	36.284
750000000.0	27.14941	-0.4888471757959894	4.8	23.7775	36.3525
760000000.0	27.18172	-0.520553350586494	4.792	23.779	36.421
770000000.0	27.21103	-0.5520849924517991	4.784	23.7805	36.4895
780000000.0	27.23902	-0.5832911304116073	4.776	23.782	36.558
790000000.0	27.2647	-0.6141963736083718	4.768	23.7835	36.6265
800000000.0	27.28968	-0.6450445445385958	4.76	23.785	36.695
810000000.0	27.31465	-0.6752834210269489	4.752	23.7865	36.7635
820000000.0	27.33705	-0.7052468845593372	4.744	23.788	36.832
830000000.0	27.35967	-0.7350785757331998	4.736	23.7895	36.9005
840000000.0	27.37983	-0.7645776071516324	4.728	23.791	36.969
850000000.0	27.40111	-0.7938954733937079	4.72	23.7925	37.0375
860000000.0	27.42133	-0.822966201013701	4.712	23.794	37.106
870000000.0	27.43932	-0.851837262967266	4.704	23.7955	37.1745
880000000.0	27.45924	-0.8804601391011975	4.696	23.797	37.243
890000000.0	27.47687	-0.9088997556636695	4.688	23.7985	37.3115
900000000.0	27.49549	-0.937044062516704	4.68	23.8	37.38
910000000.0	27.51008	-0.965052233688083	4.678	23.787	37.375
920000000.0	27.52635	-0.9929055941548101	4.676	23.774	37.370000000000005
930000000.0	27.54226	-1.020582850900011	4.674	23.761000000000003	37.365
940000000.0	27.55762	-1.048034436572929	4.672	23.748	37.36
950000000.0	27.57333	-1.0755650856609624	4.67	23.735	37.355000000000004
960000000.0	27.58731	-1.1025108749166526	4.668	23.722	37.35
970000000.0	27.60122	-1.129492094356158	4.666	23.709000000000003	37.345
980000000.0	27.61758	-1.156440501605726	4.664	23.696	37.339999999999996
990000000.0	27.6306	-1.183143690095389	4.662	23.683	37.335
1000000000.0	27.64332	-1.2096281888297769	4.66	23.67	37.33
1020000000.0	27.66968	-1.2623250894681668	4.6450000000000005	23.675600000000003	37.3206
1040000000.0	27.69545	-1.3143814542710748	4.63	23.6812	37.3112
1060000000.0	27.71878	-1.3660723471286154	4.615	23.6868	37.3018
1080000000.0	27.74376	-1.417315213967169	4.6000000000000005	23.692400000000003	37.2924
1100000000.0	27.76434	-1.4681475793656533	4.585	23.698	37.283
1120000000.0	27.78388	-1.5185057388063707	4.57	23.7036	37.2736
1140000000.0	27.80591	-1.5686118727031007	4.555	23.709200000000003	37.264199999999995
1160000000.0	27.82398	-1.6181930115608303	4.54	23.7148	37.254799999999996
1180000000.0	27.84284	-1.6673109400350807	4.525	23.7204	37.2454
1200000000.0	27.86237	-1.7163190872993805	4.51	23.726000000000003	37.236
1220000000.0	27.87966	-1.7650008579935577	4.495	23.7316	37.2266
1240000000.0	27.89616	-1.8135943150275837	4.48	23.7372	37.2172
1260000000.0	27.9156	-1.8615751614941598	4.465	23.742800000000003	37.2078
1280000000.0	27.93005	-1.9094285989253403	4.45	23.7484	37.1984
1300000000.0	27.94652	-1.9570830688217935	4.4350000000000005	23.754	37.189
1320000000.0	27.96234	-2.0041982319793803	4.42	23.759600000000002	37.1796
1340000000.0	27.97712	-2.051507126683939	4.405	23.7652	37.1702
1360000000.0	27.99355	-2.0984425209285704	4.390000000000001	23.7708	37.1608
1380000000.0	28.00864	-2.145018377347291	4.375	23.776400000000002	37.151399999999995
1400000000.0	28.01933	-2.1916134323877836	4.36	23.782	37.141999999999996
1420000000.0	28.03389	-2.2378978188214216	4.345	23.7876	37.1326
1440000000.0	28.04573	-2.2843288129122263	4.33	23.793200000000002	37.1232
1460000000.0	28.05802	-2.3301262524845576	4.315	23.7988	37.1138
1480000000.0	28.07113	-2.376016194507245	4.3	23.8044	37.1044
1500000000.0	28.08271	-2.421461077570673	4.285	23.810000000000002	37.095
1520000000.0	28.09687	-2.4670770029007967	4.2700000000000005	23.8156	37.0856
1540000000.0	28.10523	-2.5123787689655614	4.255	23.8212	37.0762
1560000000.0	28.11732	-2.557537418031663	4.24	23.8268	37.0668
1580000000.0	28.12909	-2.6027397003290638	4.2250000000000005	23.8324	37.0574
1600000000.0	28.14083	-2.6477622137135097	4.21	23.838	37.048
1620000000.0	28.14985	-2.6928021803904754	4.195	23.8436	37.0386
1640000000.0	28.15869	-2.7374738825952702	4.18	23.8492	37.029199999999996
1660000000.0	28.16939	-2.782170019409593	4.165	23.8548	37.0198
1680000000.0	28.1787	-2.8267719084443077	4.15	23.8604	37.0104
1700000000.0	28.18727	-2.8711870472490597	4.135	23.866	37.001
1720000000.0	28.19772	-2.9155829874320394	4.12	23.8716	36.9916
1740000000.0	28.20526	-2.959834065287104	4.105	23.8772	36.9822
1760000000.0	28.21368	-3.004022311289096	4.09	23.8828	36.9728
1780000000.0	28.22065	-3.047960975208053	4.075	23.8884	36.9634
1800000000.0	28.22817	-3.0920724267229582	4.0600000000000005	23.894	36.954
1820000000.0	28.23536	-3.135829576399708	4.045	23.8996	36.9446
1840000000.0	28.24102	3.103539239908561	4.03	23.9052	36.9352
1860000000.0	28.24808	3.0599339338767346	4.015000000000001	23.9108	36.9258
1880000000.0	28.25691	3.016482216819084	4.0	23.9164	36.916399999999996
1900000000.0	28.26154	2.9725679875096542	3.9850000000000003	23.922	36.907
1920000000.0	28.26786	2.9290272586601516	3.97	23.927599999999998	36.8976
1940000000.0	28.27048	2.8858094157222682	3.955	23.9332	36.8882
1960000000.0	28.27908	2.842528740931313	3.9400000000000004	23.9388	36.8788
1980000000.0	28.28339	2.7991573090192534	3.9250000000000003	23.944399999999998	36.8694
2000000000.0	28.28805	2.755880124886802	3.91	23.95	36.86
2020000000.0	28.29471	2.7128385602033704	3.9010000000000002	23.9588	36.8476
2040000000.0	28.29644	2.6696852944478104	3.8920000000000003	23.9676	36.8352
2060000000.0	28.30159	2.626926473103201	3.883	23.976399999999998	36.8228
2080000000.0	28.30318	2.583872691115005	3.874	23.9852	36.8104
2100000000.0	28.30806	2.5410283486370484	3.865	23.994	36.798
2120000000.0	28.31442	2.4982258940611395	3.8560000000000003	24.0028	36.7856
2140000000.0	28.31699	2.455264614523299	3.847	24.011599999999998	36.7732
2160000000.0	28.31914	2.4124115453990824	3.838	24.0204	36.7608
2180000000.0	28.3226	2.370080329721212	3.829	24.0292	36.7484
2200000000.0	28.3244	2.3274716066922743	3.8200000000000003	24.038	36.736
2220000000.0	28.32816	2.284756418578965	3.811	24.0468	36.7236
2240000000.0	28.32817	2.2420639197459318	3.802	24.0556	36.7112
2260000000.0	28.3308	2.1996000590449096	3.793	24.0644	36.6988
2280000000.0	28.33146	2.1574206870119625	3.7840000000000003	24.0732	36.6864
2300000000.0	28.33033	2.115058055407556	3.775	24.082	36.674
2320000000.0	28.3338	2.0728263234970496	3.766	24.090799999999998	36.6616
2340000000.0	28.33266	2.0310291785702894	3.757	24.0996	36.6492
2360000000.0	28.33354	1.988598479125055	3.748	24.1084	36.6368
2380000000.0	28.33595	1.9466564718703796	3.739	24.1172	36.6244
2400000000.0	28.33625	1.904620216836096	3.73	24.126	36.612
2420000000.0	28.33562	1.8626537749718923	3.721	24.1348	36.5996
2440000000.0	28.33818	1.8208199781308403	3.712	24.1436	36.5872
2460000000.0	28.33642	1.7788116483645888	3.7030000000000003	24.1524	36.5748
2480000000.0	28.33751	1.7373855604368025	3.694	24.1612	36.562400000000004
2500000000.0	28.33875	1.6956236711609327	3.685	24.17	36.55
2520000000.0	28.33783	1.653956553263446	3.676	24.1788	36.5376
2540000000.0	28.34052	1.6121309594698783	3.6670000000000003	24.1876	36.5252
2560000000.0	28.33966	1.5705580893519995	3.658	24.1964	36.5128
2580000000.0	28.3413	1.5288530978097443	3.649	24.2052	36.5004
2600000000.0	28.34021	1.4874050187333832	3.64	24.214	36.488
2620000000.0	28.34015	1.445874036517552	3.6310000000000002	24.2228	36.4756
2640000000.0	28.34031	1.404440967272758	3.622	24.2316	36.4632
2660000000.0	28.3384	1.3630094688242904	3.613	24.2404	36.4508
2680000000.0	28.33999	1.321241645428964	3.604	24.249200000000002	36.4384
2700000000.0	28.34006	1.28001469956883	3.595	24.258	36.426
2720000000.0	28.33984	1.2385416622841654	3.586	24.2668	36.4136
2740000000.0	28.34042	1.1972857439584483	3.577	24.2756	36.4012
2760000000.0	28.33817	1.1559659465821088	3.568	24.2844	36.3888
2780000000.0	28.33666	1.114689084305368	3.559	24.2932	36.376400000000004
2800000000.0	28.33639	1.0735637166077003	3.55	24.302	36.364000000000004
2820000000.0	28.33682	1.0324861709315376	3.541	24.3108	36.351600000000005
2840000000.0	28.33588	0.9911515382565559	3.532	24.3196	36.3392
2860000000.0	28.33611	0.9499485034071745	3.523	24.328400000000002	36.3268
2880000000.0	28.3352	0.9085173540245575	3.5140000000000002	24.3372	36.3144
2900000000.0	28.33393	0.8674429499410481	3.505	24.346	36.302
2920000000.0	28.33244	0.8264416751531973	3.496	24.3548	36.2896
2940000000.0	28.33201	0.785650887073137	3.487	24.3636	36.2772
2960000000.0	28.33253	0.7449086191462823	3.4779999999999998	24.3724	36.2648
2980000000.0	28.33223	0.7036150017087224	3.469	24.3812	36.2524
3000000000.0	28.33082	0.6626215809025057	3.46	24.39	36.24
3020000000.0	28.33516	0.621193398579617	3.4546	24.3982	36.226800000000004
3040000000.0	28.33271	0.580318834695461	3.4492	24.4064	36.2136
3060000000.0	28.33277	0.5393111021893778	3.4438	24.4146	36.2004
3080000000.0	28.33129	0.49837510271555163	3.4384	24.422800000000002	36.187200000000004
3100000000.0	28.32963	0.45771154913796175	3.433	24.431	36.174
3120000000.0	28.3281	0.4166778112260238	3.4276	24.4392	36.1608
3140000000.0	28.32519	0.3758999385824283	3.4222	24.447400000000002	36.147600000000004
3160000000.0	28.32511	0.3348157606551078	3.4168	24.4556	36.1344
3180000000.0	28.32188	0.29418501926745544	3.4114	24.4638	36.1212
3200000000.0	28.32069	0.2536518417849895	3.406	24.472	36.108000000000004
3220000000.0	28.3192	0.21297362744168286	3.4006	24.4802	36.0948
3240000000.0	28.31697	0.17239173781979378	3.3952	24.488400000000002	36.0816
3260000000.0	28.3151	0.13168942047951712	3.3898	24.4966	36.068400000000004
3280000000.0	28.31271	0.09134960802487965	3.3844	24.5048	36.0552
3300000000.0	28.31069	0.05096706991015337	3.379	24.513	36.042
3320000000.0	28.31091	0.010535226244058253	3.3736	24.5212	36.028800000000004
3340000000.0	28.3116	-0.030053854134349037	3.3682	24.5294	36.0156
3360000000.0	28.31149	-0.07057978850041917	3.3628	24.5376	36.0024
3380000000.0	28.31084	-0.11091700041447117	3.3574	24.5458	35.989200000000004
3400000000.0	28.30754	-0.15136271944811963	3.352	24.554000000000002	35.976
3420000000.0	28.30931	-0.19186160121078386	3.3466	24.5622	35.9628
3440000000.0	28.30882	-0.23230506876969725	3.3412	24.5704	35.949600000000004
3460000000.0	28.30949	-0.2728291705400528	3.3358	24.5786	35.9364
3480000000.0	28.30722	-0.31335903189693987	3.3304	24.5868	35.9232
3500000000.0	28.30519	-0.3539538195020012	3.325	24.595	35.91
3520000000.0	28.30675	-0.3944932801697743	3.3196	24.6032	35.8968
3540000000.0	28.3042	-0.43484599060758405	3.3142	24.6114	35.8836
3560000000.0	28.30499	-0.4755207142923866	3.3087999999999997	24.619600000000002	35.8704
3580000000.0	28.30462	-0.5159558042708905	3.3034	24.6278	35.8572
3600000000.0	28.30333	-0.5565027698544471	3.298	24.636	35.844
3620000000.0	28.30361	-0.5968642069385168	3.2926	24.6442	35.830799999999996
3640000000.0	28.30206	-0.6371287782491009	3.2872	24.6524	35.8176
3660000000.0	28.29853	-0.6776748711680315	3.2818	24.660600000000002	35.8044
3680000000.0	28.29894	-0.7180574267360503	3.2763999999999998	24.6688	35.791199999999996
3700000000.0	28.2972	-0.7586728092262851	3.271	24.677	35.778
3720000000.0	28.29478	-0.7989159129870695	3.2656	24.685200000000002	35.7648
3740000000.0	28.29371	-0.8394997050178433	3.2601999999999998	24.6934	35.751599999999996
3760000000.0	28.29063	-0.8795764789009127	3.2548	24.7016	35.7384
3780000000.0	28.28928	-0.9200325128304405	3.2494	24.7098	35.7252
3800000000.0	28.28802	-0.9603031927934065	3.2439999999999998	24.718	35.711999999999996
3820000000.0	28.28522	-1.000643685926452	3.2386	24.726200000000002	35.6988
3840000000.0	28.28529	-1.0409175074820718	3.2332	24.7344	35.6856
3860000000.0	28.28509	-1.0813438708143157	3.2278	24.7426	35.672399999999996
3880000000.0	28.28222	-1.1217695360148587	3.2224	24.7508	35.6592
3900000000.0	28.27858	-1.162047546360683	3.217	24.759	35.646
3920000000.0	28.27792	-1.2023452789270548	3.2116	24.7672	35.632799999999996
3940000000.0	28.27743	-1.2426751255516635	3.2062	24.7754	35.6196
3960000000.0	28.27335	-1.2829355080720426	3.2008	24.7836	35.6064
3980000000.0	28.27231	-1.3231801826291538	3.1954	24.791800000000002	35.593199999999996
4000000000.0	28.27284	-1.3634161305400052	3.19	24.8	35.58
4020000000.0	28.26818	-1.4039056747911713	3.184	24.805600000000002	35.5704
4040000000.0	28.26684	-1.4442379648767325	3.178	24.8112	35.5608
4060000000.0	28.26322	-1.4843388243034796	3.172	24.8168	35.5512
4080000000.0	28.26035	-1.5246648312037336	3.166	24.822400000000002	35.541599999999995
4100000000.0	28.25632	-1.5650444197120241	3.16	24.828	35.532
4120000000.0	28.256	-1.6049923882962962	3.154	24.8336	35.5224
4140000000.0	28.25549	-1.6450433313064363	3.148	24.8392	35.5128
4160000000.0	28.24896	-1.6852822462770158	3.142	24.8448	35.5032
4180000000.0	28.24506	-1.725137363345082	3.136	24.8504	35.4936
4200000000.0	28.24677	-1.7656763004140794	3.13	24.856	35.484
4220000000.0	28.24097	-1.8057577866861292	3.124	24.8616	35.474399999999996
4240000000.0	28.2386	-1.8461150349799942	3.118	24.8672	35.4648
4260000000.0	28.23421	-1.8861040188016882	3.112	24.8728	35.4552
4280000000.0	28.23163	-1.9262727715363377	3.106	24.8784	35.4456
4300000000.0	28.22929	-1.9664677042097671	3.1	24.884	35.436
4320000000.0	28.22526	-2.0063380056423257	3.094	24.8896	35.4264
4340000000.0	28.22311	-2.046255430964688	3.088	24.8952	35.4168
4360000000.0	28.22038	-2.086558574051741	3.082	24.9008	35.407199999999996
4380000000.0	28.21787	-2.1266470416407985	3.076	24.9064	35.3976
4400000000.0	28.21324	-2.1667564531808803	3.07	24.912	35.388
4420000000.0	28.20898	-2.2067384556855667	3.064	24.9176	35.3784
4440000000.0	28.20822	-2.246240492645954	3.058	24.9232	35.3688
4460000000.0	28.20472	-2.2861230113832764	3.052	24.9288	35.3592
4480000000.0	28.20304	-2.3262463855573743	3.046	24.9344	35.3496
4500000000.0	28.20085	-2.3661515935749726	3.04	24.939999999999998	35.34
4520000000.0	28.19739	-2.405788020887764	3.034	24.9456	35.3304
4540000000.0	28.19571	-2.4459323390128853	3.028	24.9512	35.3208
4560000000.0	28.19138	-2.486015570614187	3.0220000000000002	24.956799999999998	35.3112
4580000000.0	28.18589	-2.525941722582809	3.016	24.9624	35.3016
4600000000.0	28.18405	-2.5658155146738717	3.0100000000000002	24.968	35.292
4620000000.0	28.18081	-2.605736430654738	3.004	24.973599999999998	35.2824
4640000000.0	28.17838	-2.6457201784886766	2.998	24.9792	35.272800000000004
4660000000.0	28.17698	-2.6856079332137544	2.992	24.9848	35.2632
4680000000.0	28.17331	-2.7254188934517454	2.986	24.990399999999998	35.2536
4700000000.0	28.17127	-2.7654113679319434	2.98	24.996	35.244
4720000000.0	28.16831	-2.8054439849849375	2.974	25.0016	35.2344
4740000000.0	28.16511	-2.8450001271521366	2.968	25.007199999999997	35.2248
4760000000.0	28.16117	-2.885041470851391	2.962	25.0128	35.2152
4780000000.0	28.15811	-2.92465869954241	2.956	25.0184	35.205600000000004
4800000000.0	28.15473	-2.9645499449259924	2.95	25.023999999999997	35.196
4820000000.0	28.15117	-3.004306799957171	2.944	25.0296	35.1864
4840000000.0	28.14866	-3.0444755526918206	2.938	25.0352	35.1768
4860000000.0	28.14614	-3.0840247135420125	2.932	25.040799999999997	35.1672
4880000000.0	28.14503	-3.124137615740598	2.926	25.0464	35.1576
4900000000.0	28.14026	3.119400792150685	2.92	25.052	35.148
4920000000.0	28.13528	3.079525254730371	2.914	25.057599999999997	35.138400000000004
4940000000.0	28.1326	3.0402431292557344	2.908	25.0632	35.1288
4960000000.0	28.12898	3.0004024984204603	2.902	25.0688	35.1192
4980000000.0	28.12634	2.960652624706289	2.896	25.074399999999997	35.1096
5000000000.0	28.12498	2.921003980088734	2.89	25.08	35.1
5020000000.0	28.12195	2.881168585241215	2.887	25.079199999999997	35.0856
5040000000.0	28.12079	2.841488524697124	2.8840000000000003	25.0784	35.071200000000005
5060000000.0	28.11793	2.8016793097883856	2.8810000000000002	25.077599999999997	35.0568
5080000000.0	28.11488	2.761915473440199	2.878	25.0768	35.0424
5100000000.0	28.1116	2.7224849949791428	2.875	25.075999999999997	35.028
5120000000.0	28.11077	2.6826879973751683	2.8720000000000003	25.0752	35.013600000000004
5140000000.0	28.1069	2.6430480794038727	2.869	25.074399999999997	34.9992
5160000000.0	28.10473	2.6031673059958025	2.866	25.0736	34.9848
5180000000.0	28.1031	2.5635291333537595	2.863	25.072799999999997	34.970400000000005
5200000000.0	28.09932	2.523592509409625	2.8600000000000003	25.072	34.956
5220000000.0	28.09663	2.4840293859254174	2.857	25.071199999999997	34.9416
5240000000.0	28.09319	2.444365033344594	2.854	25.0704	34.9272
5260000000.0	28.0895	2.404746059324323	2.851	25.069599999999998	34.912800000000004
5280000000.0	28.08759	2.3653138355340153	2.8480000000000003	25.0688	34.8984
5300000000.0	28.08654	2.3257367494157917	2.845	25.067999999999998	34.884
5320000000.0	28.08405	2.2859833850431173	2.842	25.0672	34.8696
5340000000.0	28.08086	2.2464516774854455	2.839	25.066399999999998	34.8552
5360000000.0	28.07939	2.206918224598522	2.8360000000000003	25.0656	34.8408
5380000000.0	28.07829	2.1672870332734866	2.833	25.064799999999998	34.8264
5400000000.0	28.0764	2.127437675791952	2.83	25.064	34.812000000000005
5420000000.0	28.07204	2.087766341894121	2.827	25.0632	34.7976
5440000000.0	28.07057	2.048433601871177	2.8240000000000003	25.0624	34.7832
5460000000.0	28.06766	2.008664529535234	2.821	25.0616	34.7688
5480000000.0	28.06604	1.968982723661891	2.818	25.0608	34.754400000000004
5500000000.0	28.0632	1.929220632642956	2.8150000000000004	25.06	34.74
5520000000.0	28.06022	1.8896522731709926	2.8120000000000003	25.059199999999997	34.7256
5540000000.0	28.05608	1.849925088737098	2.809	25.0584	34.711200000000005
5560000000.0	28.0562	1.8106028206896656	2.806	25.057599999999997	34.6968
5580000000.0	28.05223	1.7711025290585296	2.8030000000000004	25.0568	34.6824
5600000000.0	28.05031	1.7317057354520375	2.8000000000000003	25.055999999999997	34.668
5620000000.0	28.0485	1.6920942663475498	2.797	25.0552	34.653600000000004
5640000000.0	28.04594	1.6524210125875414	2.794	25.054399999999998	34.6392
5660000000.0	28.04545	1.61297255723519	2.7910000000000004	25.0536	34.6248
5680000000.0	28.04228	1.5737525654819247	2.7880000000000003	25.052799999999998	34.610400000000006
5700000000.0	28.04051	1.534281246316372	2.785	25.052	34.596000000000004
5720000000.0	28.03946	1.4945893175333675	2.782	25.051199999999998	34.5816
5740000000.0	28.03653	1.4548654492250515	2.7790000000000004	25.0504	34.5672
5760000000.0	28.03104	1.4155171757717644	2.7760000000000002	25.049599999999998	34.552800000000005
5780000000.0	28.03193	1.3759648733289191	2.773	25.0488	34.5384
5800000000.0	28.03125	1.3367111967210903	2.77	25.048	34.524
5820000000.0	28.03004	1.2970437025476136	2.7670000000000003	25.0472	34.5096
5840000000.0	28.02884	1.2575962943928132	2.7640000000000002	25.0464	34.495200000000004
5860000000.0	28.02811	1.2180064673710504	2.761	25.0456	34.4808
5880000000.0	28.02762	1.1785314830140685	2.758	25.0448	34.4664
5900000000.0	28.02567	1.1386498369413722	2.7550000000000003	25.044	34.452000000000005
5920000000.0	28.02453	1.0993821976995275	2.7520000000000002	25.0432	34.4376
5940000000.0	28.02133	1.0598527590698834	2.749	25.0424	34.4232
5960000000.0	28.02219	1.020323145907314	2.746	25.0416	34.4088
5980000000.0	28.01733	0.9807434417952128	2.7430000000000003	25.0408	34.394400000000005
6000000000.0	28.01934	0.94133757247661	2.74	25.04	34.38
6020000000.0	28.01704	0.901941127935968	2.7364	25.0478	34.368
6040000000.0	28.01851	0.8623917925528513	2.7328	25.0556	34.356
6060000000.0	28.01724	0.8229918573537053	2.7292	25.063399999999998	34.344
6080000000.0	28.01486	0.7835585863658462	2.7256	25.071199999999997	34.332
6100000000.0	28.01338	0.7440813330808369	2.7220000000000004	25.079	34.32
6120000000.0	28.01175	0.704402319734297	2.7184000000000004	25.0868	34.308
6140000000.0	28.01302	0.665026819144679	2.7148000000000003	25.0946	34.296
6160000000.0	28.01061	0.6254991258442869	2.7112000000000003	25.1024	34.284
6180000000.0	28.0109	0.5859370495576307	2.7076000000000002	25.1102	34.272000000000006
6200000000.0	28.00913	0.5460286999473788	2.704	25.118	34.260000000000005
6220000000.0	28.00944	0.5064030936759499	2.7004	25.125799999999998	34.248000000000005
6240000000.0	28.00741	0.46677975633254865	2.6968	25.133599999999998	34.236000000000004
6260000000.0	28.00848	0.4270701997240989	2.6932	25.1414	34.224000000000004
6280000000.0	28.00554	0.3876454808495746	2.6896	25.1492	34.212
6300000000.0	28.00602	0.34809754172985946	2.686	25.157	34.2
6320000000.0	28.00497	0.30849340300823014	2.6824000000000003	25.1648	34.188
6340000000.0	28.00236	0.26876360058045723	2.6788000000000003	25.1726	34.176
6360000000.0	28.00286	0.22920274602427734	2.6752000000000002	25.1804	34.164
6380000000.0	28.00136	0.18968569923232254	2.6716	25.1882	34.152
6400000000.0	27.99959	0.1500871630175921	2.668	25.195999999999998	34.14
6420000000.0	27.99912	0.11029571556063875	2.6644	25.2038	34.128
6440000000.0	27.99676	0.07079641876717671	2.6608	25.2116	34.116
6460000000.0	27.99717	0.031161858956685114	2.6572	25.2194	34.104
6480000000.0	27.9965	-0.008476989127778623	2.6536	25.2272	34.092
6500000000.0	27.99541	-0.04818536414832481	2.6500000000000004	25.235	34.08
6520000000.0	27.99393	-0.08768220002754153	2.6464000000000003	25.2428	34.068000000000005
6540000000.0	27.99452	-0.1271524719955429	2.6428000000000003	25.2506	34.056000000000004
6560000000.0	27.99426	-0.16682876262844967	2.6392	25.258399999999998	34.044000000000004
6580000000.0	27.99286	-0.2064324824710585	2.6356	25.266199999999998	34.032000000000004
6600000000.0	27.98816	-0.24597885079444684	2.632	25.274	34.02
6620000000.0	27.9899	-0.28561841969989166	2.6284	25.2818	34.008
6640000000.0	27.98805	-0.32537893992249967	2.6248	25.2896	33.996
6660000000.0	27.98675	-0.36502252308522404	2.6212	25.2974	33.984
6680000000.0	27.98555	-0.4047624484226585	2.6176	25.3052	33.972
6700000000.0	27.98736	-0.44424807928807747	2.614	25.313	33.96
6720000000.0	27.98523	-0.4838248163404505	2.6104000000000003	25.3208	33.948
6740000000.0	27.98392	-0.5233907323514612	2.6068000000000002	25.328599999999998	33.936
6760000000.0	27.98262	-0.5628988779642308	2.6032	25.3364	33.924
6780000000.0	27.98141	-0.6029086312040236	2.5996	25.3442	33.912
6800000000.0	27.98322	-0.6427654936013417	2.596	25.352	33.9
6820000000.0	27.98208	-0.6822952812968361	2.5924	25.3598	33.888
6840000000.0	27.98108	-0.7219009908147922	2.5888	25.3676	33.876000000000005
6860000000.0	27.97795	-0.7615290405471737	2.5852	25.3754	33.864000000000004
6880000000.0	27.97853	-0.8014127810149726	2.5816	25.3832	33.852000000000004
6900000000.0	27.97763	-0.8409701449126487	2.5780000000000003	25.391	33.84
6920000000.0	27.97528	-0.8808807634509281	2.5744000000000002	25.3988	33.828
6940000000.0	27.97438	-0.9204910108249394	2.5708	25.4066	33.816
6960000000.0	27.97391	-0.9602452478622402	2.5672	25.4144	33.804
6980000000.0	27.97229	-1.0000584770282583	2.5636	25.4222	33.792
7000000000.0	27.97012	-1.0399910867151132	2.56	25.43	33.78
7020000000.0	27.97131	-1.0796573591581136	2.5586	25.4282	33.769600000000004
7040000000.0	27.97058	-1.1195791478036057	2.5572	25.4264	33.7592
7060000000.0	27.96971	-1.1596402137234074	2.5558	25.424599999999998	33.7488
7080000000.0	27.96676	-1.1992698342521155	2.5544000000000002	25.4228	33.7384
7100000000.0	27.96565	-1.2394178175686663	2.553	25.421	33.728
7120000000.0	27.96299	-1.2789071136255146	2.5516	25.4192	33.7176
7140000000.0	27.96318	-1.3192334695916192	2.5502000000000002	25.4174	33.7072
7160000000.0	27.96275	-1.3585491053878938	2.5488	25.4156	33.6968
7180000000.0	27.95923	-1.3985021354269969	2.5474	25.4138	33.6864
7200000000.0	27.95864	-1.4378045067209562	2.5460000000000003	25.412	33.676
7220000000.0	27.95731	-1.4778615583834782	2.5446	25.4102	33.6656
7240000000.0	27.95526	-1.5177062034760325	2.5432	25.4084	33.6552
7260000000.0	27.95029	-1.5576166474813866	2.5418000000000003	25.4066	33.644800000000004
7280000000.0	27.95004	-1.597527091486741	2.5404	25.404799999999998	33.6344
7300000000.0	27.94824	-1.6375319578046283	2.539	25.403	33.624
7320000000.0	27.94692	-1.6771247518861194	2.5376000000000003	25.4012	33.6136
7340000000.0	27.94488	-1.716764146258639	2.5362	25.3994	33.6032
7360000000.0	27.94272	-1.7568885676302881	2.5348	25.3976	33.5928
7380000000.0	27.94113	-1.7968094836111543	2.5334000000000003	25.3958	33.5824
7400000000.0	27.94002	-1.836334209851818	2.532	25.394	33.572
7420000000.0	27.93633	-1.8760701209319728	2.5306	25.3922	33.5616
7440000000.0	27.93547	-1.9159631116448073	2.5292000000000003	25.3904	33.5512
7460000000.0	27.93326	-1.9557147306882299	2.5278	25.3886	33.5408
7480000000.0	27.92989	-1.9955518708650004	2.5264	25.3868	33.5304
7500000000.0	27.92886	-2.0352912726036596	2.5250000000000004	25.384999999999998	33.519999999999996
7520000000.0	27.92639	-2.0755490371301604	2.5236	25.3832	33.5096
7540000000.0	27.92454	-2.1153757053314193	2.5222	25.3814	33.4992
7560000000.0	27.92329	-2.1549929340224385	2.5208	25.3796	33.4888
7580000000.0	27.9229	-2.194960973893109	2.5194	25.3778	33.4784
7600000000.0	27.91854	-2.2349098151420073	2.5180000000000002	25.376	33.467999999999996
7620000000.0	27.91585	-2.274945922853505	2.5166	25.3742	33.4576
7640000000.0	27.91366	-2.3149733039187432	2.5152	25.3724	33.4472
7660000000.0	27.91154	-2.3547563388887016	2.5138000000000003	25.3706	33.4368
7680000000.0	27.90916	-2.394546355175668	2.5124	25.3688	33.4264
7700000000.0	27.9061	-2.4343067008653514	2.511	25.367	33.416
7720000000.0	27.90504	-2.473998978714206	2.5096000000000003	25.3652	33.4056
7740000000.0	27.90004	-2.5136528593195173	2.5082	25.3634	33.395199999999996
7760000000.0	27.89898	-2.5540293062351545	2.5068	25.3616	33.3848
7780000000.0	27.89557	-2.5941910776527957	2.5054000000000003	25.3598	33.3744
7800000000.0	27.89254	-2.6338990634649186	2.504	25.358	33.364
7820000000.0	27.88893	-2.673825215433541	2.5026	25.3562	33.3536
7840000000.0	27.8866	-2.713815944584487	2.5012000000000003	25.3544	33.343199999999996
7860000000.0	27.88198	-2.753670538053777	2.4998	25.3526	33.3328
7880000000.0	27.88321	-2.7936961737897636	2.4984	25.3508	33.3224
7900000000.0	27.88102	-2.8338404919148847	2.4970000000000003	25.349	33.312
7920000000.0	27.87444	-2.8737910784930354	2.4956	25.3472	33.3016
7940000000.0	27.87325	-2.914068041641308	2.4942	25.3454	33.291199999999996
7960000000.0	27.86498	-2.953947069720127	2.4928000000000003	25.3436	33.2808
7980000000.0	27.86093	-2.9937632659458733	2.4914	25.3418	33.270399999999995
8000000000.0	27.85861	-3.033726069828788	2.49	25.34	33.26
8020000000.0	27.85401	-3.0735649553348106	2.4914	25.3375	33.2483
8040000000.0	27.84904	-3.1137790866300112	2.4928000000000003	25.335	33.236599999999996
8060000000.0	27.84766	3.1294102554108725	2.4942	25.3325	33.2249
8080000000.0	27.84224	3.089608021819142	2.4956	25.33	33.2132
8100000000.0	27.8363	3.0497621549961114	2.4970000000000003	25.3275	33.201499999999996
8120000000.0	27.83282	3.009877890929537	2.4984	25.325	33.1898
8140000000.0	27.8289	2.969691684902368	2.4998	25.3225	33.1781
8160000000.0	27.82363	2.9299138859201648	2.5012000000000003	25.32	33.166399999999996
8180000000.0	27.81982	2.8900453298168585	2.5026	25.3175	33.1547
8200000000.0	27.8178	2.850208189640088	2.504	25.315	33.143
8220000000.0	27.81083	2.8099766050523667	2.5054000000000003	25.3125	33.131299999999996
8240000000.0	27.80676	2.770568815871586	2.5068	25.31	33.1196
8260000000.0	27.80134	2.730368647210401	2.5082	25.3075	33.1079
8280000000.0	27.79754	2.690470420509811	2.5096000000000003	25.305	33.096199999999996
8300000000.0	27.7954	2.650767670685444	2.511	25.3025	33.0845
8320000000.0	27.78938	2.6109130772161535	2.5124	25.3	33.0728
8340000000.0	27.78234	2.570728616518236	2.5138000000000003	25.2975	33.061099999999996
8360000000.0	27.77787	2.5310188853768607	2.5152	25.294999999999998	33.0494
8380000000.0	27.7756	2.4910944787374905	2.5166	25.2925	33.0377
8400000000.0	27.77133	2.4514091822056434	2.5180000000000002	25.29	33.025999999999996
8420000000.0	27.76746	2.4116436005282047	2.5194	25.2875	33.0143
8440000000.0	27.76528	2.3717453738276144	2.5208	25.285	33.0026
8460000000.0	27.76	2.3320600772957674	2.5222	25.2825	32.990899999999996
8480000000.0	27.7555	2.2920117522795054	2.5236	25.28	32.9792
8500000000.0	27.74752	2.252364852991202	2.5250000000000004	25.2775	32.9675
8520000000.0	27.74276	2.2123130373164366	2.5264	25.275	32.955799999999996
8540000000.0	27.73715	2.1725247663587215	2.5278	25.2725	32.9441
8560000000.0	27.73369	2.132727768754747	2.5292000000000003	25.27	32.9324
8580000000.0	27.72912	2.092777182176597	2.5306	25.2675	32.9207
8600000000.0	27.72344	2.0532472199481773	2.532	25.265	32.909
8620000000.0	27.7182	2.013294888040775	2.5334000000000003	25.2625	32.8973
8640000000.0	27.71389	1.9736165728259358	2.5348	25.26	32.8856
8660000000.0	27.70904	1.934179113047872	2.5362	25.2575	32.8739
8680000000.0	27.70403	1.8938602619975509	2.5376000000000003	25.255	32.8622
8700000000.0	27.69794	1.8542011454044838	2.539	25.2525	32.8505
8720000000.0	27.69079	1.8143186266671614	2.5404	25.25	32.8388
8740000000.0	27.68688	1.7744867224781466	2.5418000000000003	25.2475	32.8271
8760000000.0	27.68055	1.7348975935880846	2.5432	25.245	32.8154
8780000000.0	27.67401	1.6953194602723098	2.5446	25.2425	32.8037
8800000000.0	27.66993	1.6557992718877017	2.5460000000000003	25.24	32.792
8820000000.0	27.66273	1.6163639065047404	2.5474	25.2375	32.7803
8840000000.0	27.66078	1.5766590622852708	2.5488	25.235	32.7686
8860000000.0	27.65461	1.537210257867069	2.5502000000000002	25.232499999999998	32.7569
8880000000.0	27.6513	1.4973252956687937	2.5516	25.23	32.7452
8900000000.0	27.64639	1.4577623467175114	2.553	25.2275	32.7335
8920000000.0	27.64275	1.4181541937386024	2.5544000000000002	25.225	32.7218
8940000000.0	27.63919	1.3786057310201119	2.5558	25.2225	32.7101
8960000000.0	27.63554	1.3389923420534469	2.5572	25.22	32.6984
8980000000.0	27.63357	1.2991649757204877	2.5586	25.2175	32.6867
9000000000.0	27.62427	1.25932626474739	2.56	25.215	32.675
9020000000.0	27.62243	1.219792113728766	2.5614	25.2125	32.6633
9040000000.0	27.61637	1.1800181544709174	2.5628	25.21	32.6516
9060000000.0	27.6137	1.14042012440167	2.5642	25.2075	32.639900000000004
9080000000.0	27.61006	1.100927337686318	2.5656	25.205	32.6282
9100000000.0	27.60727	1.0613642142021105	2.567	25.2025	32.6165
9120000000.0	27.60357	1.0214616241783903	2.5684	25.2	32.604800000000004
9140000000.0	27.59937	0.9818773822102336	2.5698	25.1975	32.5931
9160000000.0	27.59412	0.9426743201507125	2.5712	25.195	32.5814
9180000000.0	27.59011	0.9026209336796198	2.5726	25.1925	32.569700000000005
9200000000.0	27.58745	0.8630510034113296	2.574	25.19	32.558
9220000000.0	27.58375	0.8239910583504721	2.5754	25.1875	32.5463
9240000000.0	27.58124	0.7841109830741025	2.5768	25.185	32.534600000000005
9260000000.0	27.57895	0.7449023359609751	2.5782	25.1825	32.5229
9280000000.0	27.5759	0.7052526441458687	2.5796	25.18	32.5112
9300000000.0	27.57536	0.6657968584106589	2.581	25.1775	32.499500000000005
9320000000.0	27.57314	0.6262190741607347	2.5824	25.175	32.4878
9340000000.0	27.56924	0.5866906827286419	2.5838	25.1725	32.4761
9360000000.0	27.5647	0.5466856418778295	2.5852	25.169999999999998	32.464400000000005
9380000000.0	27.56604	0.5069685803535962	2.5866	25.1675	32.4527
9400000000.0	27.55892	0.4671548275888022	2.588	25.165	32.441
9420000000.0	27.55306	0.4273684764932647	2.5894	25.1625	32.429300000000005
9440000000.0	27.55076	0.38786382153899907	2.5907999999999998	25.16	32.4176
9460000000.0	27.54403	0.348429677886514	2.5922	25.1575	32.4059
9480000000.0	27.54157	0.30889447967033845	2.5936	25.155	32.394200000000005
9500000000.0	27.53667	0.2696107833993752	2.5949999999999998	25.1525	32.3825
9520000000.0	27.53227	0.23009652913422363	2.5964	25.15	32.3708
9540000000.0	27.52945	0.19060618587982434	2.5978	25.1475	32.359100000000005
9560000000.0	27.52735	0.15094532395750518	2.5991999999999997	25.145	32.3474
9580000000.0	27.52555	0.1116737751781359	2.6006	25.1425	32.3357
9600000000.0	27.52123	0.07225273894833328	2.602	25.14	32.324000000000005
9620000000.0	27.52016	0.03277951737389606	2.6034	25.1375	32.3123
9640000000.0	27.52133	-0.006709433107760145	2.6048	25.135	32.3006
9660000000.0	27.51506	-0.0463298697139446	2.6062	25.1325	32.288900000000005
9680000000.0	27.51251	-0.08590969599909365	2.6076	25.13	32.2772
9700000000.0	27.51073	-0.1256401441986898	2.609	25.1275	32.2655
9720000000.0	27.50905	-0.16539850021302535	2.6104	25.125	32.253800000000005
9740000000.0	27.50692	-0.20524583311262756	2.6118	25.1225	32.2421
9760000000.0	27.5086	-0.24439496449826198	2.6132	25.12	32.2304
9780000000.0	27.50764	-0.28392649752300836	2.6146	25.1175	32.218700000000005
9800000000.0	27.50571	-0.3238310074089059	2.616	25.115	32.207
9820000000.0	27.50133	-0.3635981598826715	2.6174	25.1125	32.1953
9840000000.0	27.49946	-0.40326565405614817	2.6188	25.11	32.183600000000006
9860000000.0	27.49671	-0.4428724107716555	2.6202	25.107499999999998	32.1719
9880000000.0	27.49493	-0.4828762298919916	2.6216	25.105	32.1602
9900000000.0	27.49172	-0.5220873204660718	2.6229999999999998	25.1025	32.148500000000006
9920000000.0	27.49349	-0.5614780054201821	2.6244	25.1	32.1368
9940000000.0	27.49192	-0.6013976996705721	2.6258	25.0975	32.1251
9960000000.0	27.48849	-0.6409173644564049	2.6271999999999998	25.095	32.113400000000006
9980000000.0	27.48893	-0.6804272553984265	2.6286	25.0925	32.1017
10000000000.0	27.49113	-0.7199514580403146	2.63	25.09	32.09
10020000000.0	27.49234	-0.7600298027197108	2.6362	25.0805	32.074000000000005
10040000000.0	27.4923	-0.7998435554845046	2.6424	25.071	32.058
10060000000.0	27.49374	-0.8395283284175761	2.6486	25.0615	32.042
10080000000.0	27.4943	-0.879614352545681	2.6548	25.052	32.026
10100000000.0	27.4957	-0.9194420679444908	2.661	25.0425	32.010000000000005
10120000000.0	27.49243	-0.9592413344764931	2.6672	25.033	31.994000000000003
10140000000.0	27.49063	-0.999077951054488	2.6734	25.0235	31.978
10160000000.0	27.48749	-1.0388290464991352	2.6795999999999998	25.014	31.962000000000003
10180000000.0	27.48641	-1.0785558818671799	2.6858	25.0045	31.946
10200000000.0	27.48704	-1.1182821936364489	2.6919999999999997	24.995	31.930000000000003
10220000000.0	27.48697	-1.1581402777642433	2.6982	24.9855	31.914
10240000000.0	27.48678	-1.1978676367310634	2.7043999999999997	24.976	31.898000000000003
10260000000.0	27.48197	-1.2374983044573231	2.7106	24.9665	31.882
10280000000.0	27.48448	-1.2772207765022376	2.7168	24.957	31.866000000000003
10300000000.0	27.48279	-1.317067341456969	2.723	24.9475	31.85
10320000000.0	27.48658	-1.3563433582792233	2.7292	24.938	31.834000000000003
10340000000.0	27.48709	-1.3965128091455736	2.7354	24.9285	31.818
10360000000.0	27.48694	-1.4365192462597876	2.7416	24.919	31.802000000000003
10380000000.0	27.48589	-1.4764268977383388	2.7478	24.9095	31.786
10400000000.0	27.48388	-1.5160891559240595	2.754	24.9	31.770000000000003
10420000000.0	27.48649	-1.5561697695314831	2.7601999999999998	24.8905	31.754
10440000000.0	27.48753	-1.5957344638120174	2.7664	24.881	31.738000000000003
10460000000.0	27.48905	-1.6358845415236707	2.7725999999999997	24.8715	31.722
10480000000.0	27.4873	-1.6757996979180054	2.7788	24.862	31.706000000000003
10500000000.0	27.48732	-1.715869665016992	2.785	24.8525	31.69
10520000000.0	27.48396	-1.7558012275062955	2.7912	24.843	31.674000000000003
10540000000.0	27.48735	-1.7957745033647217	2.7974	24.8335	31.658
10560000000.0	27.48623	-1.8355610289931843	2.8036	24.824	31.642000000000003
10580000000.0	27.48582	-1.8758345014829536	2.8098	24.8145	31.626
10600000000.0	27.48656	-1.9154831461005086	2.816	24.805	31.610000000000003
10620000000.0	27.48282	-1.9550619775479843	2.8222	24.7955	31.594
10640000000.0	27.4822	-1.9950474707111743	2.8284	24.786	31.578000000000003
10660000000.0	27.47917	-2.0348514496321566	2.8346	24.7765	31.562
10680000000.0	27.48295	-2.074852650758615	2.8407999999999998	24.767	31.546000000000003
10700000000.0	27.48274	-2.1143965756210505	2.847	24.7575	31.53
10720000000.0	27.48432	-2.1548812329503106	2.8531999999999997	24.748	31.514000000000003
10740000000.0	27.48448	-2.194800403601925	2.8594	24.738500000000002	31.498
10760000000.0	27.48368	-2.234700375631768	2.8656	24.729	31.482000000000003
10780000000.0	27.4857	-2.274815023159605	2.8718	24.7195	31.466
10800000000.0	27.48456	-2.314980285235751	2.878	24.71	31.450000000000003
10820000000.0	27.48681	-2.35516649126292	2.8842	24.7005	31.434
10840000000.0	27.48788	-2.3950874072437864	2.8904	24.691	31.418000000000003
10860000000.0	27.48687	-2.435273613270956	2.8966	24.6815	31.402
10880000000.0	27.48789	-2.475047921594655	2.9028	24.672	31.386000000000003
10900000000.0	27.48713	-2.515541305570175	2.909	24.6625	31.37
10920000000.0	27.48619	-2.555310377906118	2.9152	24.653	31.354000000000003
10940000000.0	27.48481	-2.5957374393700623	2.9213999999999998	24.6435	31.338
10960000000.0	27.48353	-2.635691516606717	2.9276	24.634	31.322000000000003
10980000000.0	27.48621	-2.675816636110066	2.9337999999999997	24.6245	31.306
11000000000.0	27.48772	-2.7163920505604304	2.94	24.615000000000002	31.29
11020000000.0	27.48934	-2.7568051493903596	2.9462	24.6055	31.274
11040000000.0	27.48668	-2.79672955602973	2.9524	24.596	31.258
11060000000.0	27.48692	-2.837439360832497	2.9586	24.5865	31.242
11080000000.0	27.48682	-2.877576697640611	2.9648	24.577	31.226
11100000000.0	27.48743	-2.91735973261057	2.971	24.5675	31.21
11120000000.0	27.48848	-2.9577239622214426	2.9772	24.558	31.194
11140000000.0	27.49042	-2.997979981418692	2.9834	24.5485	31.178
11160000000.0	27.48971	-3.0381801500798775	2.9896	24.539	31.162
11180000000.0	27.49088	-3.078841085663589	2.9958	24.5295	31.146
11200000000.0	27.49	-3.1190115837274903	3.002	24.52	31.13
11220000000.0	27.49087	3.1239630828153984	3.0082	24.5105	31.114
11240000000.0	27.49337	3.083028130539123	3.0144	24.501	31.098
11260000000.0	27.49378	3.042327052382616	3.0206	24.491500000000002	31.082
11280000000.0	27.49072	3.0017289486519756	3.0268	24.482	31.066
11300000000.0	27.488	2.96098598259342	3.033	24.4725	31.05
11320000000.0	27.48863	2.920581610409751	3.0392	24.463	31.034
11340000000.0	27.4868	2.8800061959593872	3.0454	24.453500000000002	31.018
11360000000.0	27.48569	2.8396035691049706	3.0516	24.444	31.002
11380000000.0	27.48289	2.7992620287743732	3.0578	24.4345	30.986
11400000000.0	27.47962	2.7589012898220044	3.064	24.425	30.97
11420000000.0	27.47784	2.718081529276361	3.0702	24.4155	30.954
11440000000.0	27.47571	2.6778831059444275	3.0764	24.406	30.938
11460000000.0	27.4714	2.6377649677580863	3.0826000000000002	24.3965	30.922
11480000000.0	27.47027	2.597142429417918	3.0888	24.387	30.906
11500000000.0	27.47021	2.556834050343109	3.0949999999999998	24.3775	30.89
11520000000.0	27.46765	2.5164960006710158	3.1012	24.368000000000002	30.874
11540000000.0	27.46595	2.475922331549904	3.1074	24.3585	30.858
11560000000.0	27.46432	2.4353713517090676	3.1136	24.349	30.842
11580000000.0	27.46213	2.3951013698778025	3.1198	24.3395	30.826
11600000000.0	27.45892	2.3545399180614544	3.126	24.330000000000002	30.81
11620000000.0	27.45375	2.3141721977920775	3.1322	24.3205	30.794
11640000000.0	27.45457	2.2736753231580527	3.1384	24.311	30.778
11660000000.0	27.44841	2.233028350208357	3.1446	24.3015	30.762
11680000000.0	27.44856	2.1926396859879564	3.1508000000000003	24.292	30.746
11700000000.0	27.44211	2.1521689912927116	3.157	24.2825	30.73
11720000000.0	27.43996	2.111785563060067	3.1632	24.273	30.714
11740000000.0	27.43676	2.071794833909121	3.1694	24.2635	30.698
11760000000.0	27.4332	2.0306888393661504	3.1756	24.254	30.682
11780000000.0	27.43332	1.9899580906123586	3.1818	24.244500000000002	30.666
11800000000.0	27.42934	1.9494455080150663	3.188	24.235	30.65
11820000000.0	27.42445	1.9085664062748553	3.1942	24.2255	30.634
11840000000.0	27.4216	1.8679386319469313	3.2004	24.216	30.618
11860000000.0	27.41744	1.8279566294422451	3.2066	24.206500000000002	30.602
11880000000.0	27.4138	1.7871211609333337	3.2128	24.197	30.586
11900000000.0	27.4131	1.746687118152381	3.219	24.1875	30.57
11920000000.0	27.412	1.7058347199497252	3.2252	24.178	30.554
11940000000.0	27.41085	1.6651554584088677	3.2314	24.1685	30.537999999999997
11960000000.0	27.40804	1.624378283896973	3.2376	24.159	30.522
11980000000.0	27.40151	1.5839297548832287	3.2438000000000002	24.1495	30.506
12000000000.0	27.39547	1.5431740479211336	3.25	24.14	30.49
12020000000.0	27.39446	1.5022624830568354	3.2489	24.1307	30.487
12040000000.0	27.38743	1.461469775114598	3.2478	24.1214	30.483999999999998
12060000000.0	27.38384	1.4208988985202888	3.2467	24.1121	30.480999999999998
12080000000.0	27.37948	1.3801913626455486	3.2456	24.102800000000002	30.477999999999998
12100000000.0	27.36945	1.3394628828197845	3.2445	24.0935	30.474999999999998
12120000000.0	27.36735	1.298449565260095	3.2434	24.0842	30.471999999999998
12140000000.0	27.35896	1.2581371719280063	3.2423	24.0749	30.468999999999998
12160000000.0	27.35353	1.2176458823475882	3.2412	24.0656	30.465999999999998
12180000000.0	27.35006	1.1766400697036825	3.2401	24.0563	30.462999999999997
12200000000.0	27.34647	1.1360473764937236	3.239	24.047	30.459999999999997
12220000000.0	27.3392	1.0954185549682482	3.2379000000000002	24.0377	30.456999999999997
12240000000.0	27.33302	1.0546476636416606	3.2368	24.0284	30.453999999999997
12260000000.0	27.32351	1.0141514871393371	3.2357	24.0191	30.451
12280000000.0	27.31887	0.9741305637923315	3.2346	24.009800000000002	30.448
12300000000.0	27.31411	0.9332394192802816	3.2335	24.000500000000002	30.445
12320000000.0	27.30876	0.8923405953195228	3.2324	23.9912	30.442
12340000000.0	27.30113	0.8516492910068263	3.2313	23.9819	30.439
12360000000.0	27.2937	0.8109726474598464	3.2302	23.9726	30.436
12380000000.0	27.287	0.7705705442042053	3.2291	23.9633	30.433
12400000000.0	27.28155	0.7297795815912198	3.228	23.954	30.43
12420000000.0	27.27906	0.6888521342307283	3.2269	23.9447	30.427
12440000000.0	27.26661	0.648092762077204	3.2258	23.9354	30.424
12460000000.0	27.26595	0.6073134931702069	3.2247	23.9261	30.421
12480000000.0	27.2557	0.5658488334659516	3.2236000000000002	23.916800000000002	30.418
12500000000.0	27.24537	0.5249617032111812	3.2225	23.9075	30.415
12520000000.0	27.23851	0.48459921892956037	3.2214	23.8982	30.412
12540000000.0	27.23114	0.44403898884368853	3.2203	23.8889	30.409
12560000000.0	27.22417	0.4033592037040551	3.2192	23.8796	30.406
12580000000.0	27.2214	0.36283108767641997	3.2181	23.8703	30.403
12600000000.0	27.21201	0.3218971825976962	3.217	23.861	30.4
12620000000.0	27.20717	0.281444290260822	3.2159	23.8517	30.397
12640000000.0	27.20072	0.24053080553434653	3.2148	23.8424	30.394
12660000000.0	27.19319	0.1994834540542431	3.2137000000000002	23.8331	30.391
12680000000.0	27.18419	0.1588039656205825	3.2126	23.823800000000002	30.387999999999998
12700000000.0	27.1734	0.11762349787842945	3.2115	23.814500000000002	30.384999999999998
12720000000.0	27.16928	0.07703193913248432	3.2104	23.8052	30.381999999999998
12740000000.0	27.15927	0.03622860213510222	3.2093	23.7959	30.378999999999998
12760000000.0	27.14599	-0.004702184040248279	3.2082	23.7866	30.376
12780000000.0	27.13952	-0.045110931764351755	3.2071	23.7773	30.373
12800000000.0	27.1347	-0.08593882554430943	3.206	23.768	30.37
12820000000.0	27.12439	-0.1265104002703192	3.2049	23.7587	30.367
12840000000.0	27.11665	-0.1672907687347451	3.2038	23.7494	30.364
12860000000.0	27.10762	-0.2078561475419103	3.2027	23.7401	30.361
12880000000.0	27.09825	-0.24878446756702774	3.2016	23.730800000000002	30.358
12900000000.0	27.08964	-0.2894754228138739	3.2005	23.7215	30.355
12920000000.0	27.08137	-0.33030111747897406	3.1994000000000002	23.7122	30.352
12940000000.0	27.06903	-0.37096467105656394	3.1983	23.7029	30.349
12960000000.0	27.06061	-0.4115243775436602	3.1972	23.6936	30.346
12980000000.0	27.05059	-0.4515604852551581	3.1961	23.6843	30.343
13000000000.0	27.04014	-0.49251568335075624	3.1950000000000003	23.675	30.34
13020000000.0	27.03618	-0.5330071474640995	3.1939	23.6657	30.337
13040000000.0	27.02398	-0.5737174758656428	3.1928	23.6564	30.334
13060000000.0	27.01707	-0.6141710663342178	3.1917	23.647100000000002	30.331
13080000000.0	27.01018	-0.6540530614727647	3.1906	23.637800000000002	30.328
13100000000.0	27.0017	-0.69463824976694	3.1895000000000002	23.628500000000003	30.325
13120000000.0	26.99676	-0.7348632021035036	3.1884	23.6192	30.322
13140000000.0	26.98702	-0.7760208583923331	3.1873	23.6099	30.319
13160000000.0	26.97918	-0.8166542177738636	3.1862	23.6006	30.316
13180000000.0	26.9689	-0.8572469109838224	3.1851000000000003	23.5913	30.313
13200000000.0	26.95791	-0.8979598573792438	3.184	23.582	30.31
13220000000.0	26.94804	-0.9385270687821236	3.1829	23.5727	30.307
13240000000.0	26.94387	-0.9785862148397478	3.1818	23.5634	30.304
13260000000.0	26.93259	-1.0191837949716125	3.1807	23.554100000000002	30.301000000000002
13280000000.0	26.92274	-1.059922397707038	3.1796	23.544800000000002	30.298000000000002
13300000000.0	26.91371	-1.1006135274868094	3.1785	23.5355	30.295
13320000000.0	26.90642	-1.1410700850151128	3.1774	23.5262	30.292
13340000000.0	26.89657	-1.1814458337990488	3.1763	23.5169	30.289
13360000000.0	26.88264	-1.2227240923391909	3.1752000000000002	23.5076	30.286
13380000000.0	26.87283	-1.2632755957788029	3.1741	23.4983	30.283
13400000000.0	26.86481	-1.3034040314077315	3.173	23.489	30.28
13420000000.0	26.85682	-1.3439201046635278	3.1719	23.4797	30.277
13440000000.0	26.84579	-1.3846325274601734	3.1708000000000003	23.4704	30.274
13460000000.0	26.83213	-1.4248484040846268	3.1697	23.461100000000002	30.271
13480000000.0	26.825	-1.4648176656857732	3.1686	23.451800000000002	30.268
13500000000.0	26.81964	-1.5051335496763658	3.1675	23.442500000000003	30.265
13520000000.0	26.8076	-1.5460182364701835	3.1664	23.4332	30.262
13540000000.0	26.80352	-1.5861093220531193	3.1653000000000002	23.4239	30.259
13560000000.0	26.79275	-1.6268755009907263	3.1642	23.4146	30.256
13580000000.0	26.78412	-1.667387385456318	3.1631	23.4053	30.253
13600000000.0	26.77023	-1.7077503933367144	3.162	23.396	30.25
13620000000.0	26.76127	-1.7475231308640864	3.1609000000000003	23.3867	30.247
13640000000.0	26.75599	-1.7875295679783005	3.1598	23.3774	30.244
13660000000.0	26.74382	-1.8278990335769294	3.1587	23.368100000000002	30.241
13680000000.0	26.73989	-1.8680800036163427	3.1576	23.358800000000002	30.238
13700000000.0	26.73151	-1.9085821142381232	3.1565000000000003	23.3495	30.235
13720000000.0	26.72058	-1.949302391016403	3.1554	23.3402	30.232
13740000000.0	26.71385	-1.9894100572272326	3.1543	23.3309	30.229
13760000000.0	26.70801	-2.0292245081237272	3.1532	23.3216	30.226000000000003
13780000000.0	26.69918	-2.069038959020222	3.1521	23.3123	30.223000000000003
13800000000.0	26.69278	-2.1092653076201873	3.1510000000000002	23.303	30.220000000000002
13820000000.0	26.6842	-2.1494689669398768	3.1499	23.2937	30.217000000000002
13840000000.0	26.6767	-2.190559253519579	3.1488	23.2844	30.214000000000002
13860000000.0	26.67045	-2.2306843730229287	3.1477	23.275100000000002	30.211000000000002
13880000000.0	26.66067	-2.271263278131797	3.1466000000000003	23.265800000000002	30.208000000000002
13900000000.0	26.65174	-2.3108333829330125	3.1455	23.256500000000003	30.205000000000002
13920000000.0	26.64537	-2.3510143529724257	3.1444	23.2472	30.202
13940000000.0	26.63708	-2.3916944871779093	3.1433	23.2379	30.199
13960000000.0	26.63128	-2.4317009242921235	3.1422000000000003	23.2286	30.196
13980000000.0	26.62203	-2.4721768549751237	3.1411000000000002	23.2193	30.193
14000000000.0	26.61209	-2.5123892409410735	3.14	23.21	30.19
14020000000.0	26.60154	-2.552538795053951	3.1412	23.2085	30.1782
14040000000.0	26.59565	-2.592527778875645	3.1424000000000003	23.207	30.166400000000003
14060000000.0	26.58805	-2.63273667418309	3.1436	23.2055	30.154600000000002
14080000000.0	26.58234	-2.6723923001176537	3.1448	23.204	30.1428
14100000000.0	26.57491	-2.712676244582935	3.146	23.2025	30.131
14120000000.0	26.57102	-2.753241187057787	3.1472	23.201	30.119200000000003
14140000000.0	26.56124	-2.7934657903285003	3.1484	23.1995	30.107400000000002
14160000000.0	26.54848	-2.833596145819606	3.1496	23.198	30.0956
14180000000.0	26.54078	-2.8734245593501164	3.1508000000000003	23.1965	30.0838
14200000000.0	26.53935	-2.9128026779336125	3.152	23.195	30.072000000000003
14220000000.0	26.53107	-2.953343185798937	3.1532	23.1935	30.060200000000002
14240000000.0	26.52435	-2.9930878235253515	3.1544	23.192	30.0484
14260000000.0	26.51483	-3.0333700226613804	3.1556	23.1905	30.0366
14280000000.0	26.51042	-3.073067536497992	3.1568	23.189	30.024800000000003
14300000000.0	26.50239	-3.11305128433193	3.158	23.1875	30.013
14320000000.0	26.49664	3.1303981117675015	3.1592000000000002	23.186	30.0012
14340000000.0	26.49682	3.0903201161539555	3.1604	23.1845	29.9894
14360000000.0	26.49533	3.050219431260134	3.1616	23.183	29.977600000000002
14380000000.0	26.49039	3.009916288173081	3.1628000000000003	23.1815	29.9658
14400000000.0	26.4826	2.969724846158156	3.164	23.18	29.954
14420000000.0	26.47918	2.9296381238983495	3.1652	23.1785	29.9422
14440000000.0	26.47459	2.889671829356932	3.1664	23.177	29.930400000000002
14460000000.0	26.47121	2.8495885977556297	3.1676	23.1755	29.9186
14480000000.0	26.46724	2.809287199997829	3.1688	23.174	29.9068
14500000000.0	26.46244	2.7690608513978634	3.17	23.1725	29.895000000000003
14520000000.0	26.45371	2.728679168494471	3.1712000000000002	23.171	29.883200000000002
14540000000.0	26.44966	2.688882170890496	3.1724	23.1695	29.8714
14560000000.0	26.44569	2.648566810498679	3.1736	23.168	29.8596
14580000000.0	26.44248	2.6084783429096214	3.1748	23.1665	29.847800000000003
14600000000.0	26.44117	2.568222323712372	3.176	23.165	29.836000000000002
14620000000.0	26.43703	2.5276503999205118	3.1772	23.1635	29.8242
14640000000.0	26.43084	2.4872844249803867	3.1784	23.162	29.8124
14660000000.0	26.42513	2.4471209082334933	3.1796	23.1605	29.800600000000003
14680000000.0	26.41805	2.4067566786226204	3.1808	23.159	29.788800000000002
14700000000.0	26.41248	2.366694390972343	3.182	23.1575	29.777
14720000000.0	26.41236	2.327000367794236	3.1832	23.156	29.7652
14740000000.0	26.41024	2.286604722256827	3.1844	23.1545	29.753400000000003
14760000000.0	26.40985	2.2463661563520976	3.1856	23.153	29.741600000000002
14780000000.0	26.40698	2.205933858900397	3.1868	23.1515	29.7298
14800000000.0	26.40062	2.165726708922204	3.188	23.15	29.718
14820000000.0	26.39288	2.12559809876035	3.1892	23.1485	29.706200000000003
14840000000.0	26.39063	2.0856946360720037	3.1904	23.147	29.6944
14860000000.0	26.38804	2.0451279482678997	3.1915999999999998	23.1455	29.6826
14880000000.0	26.38869	2.004596167048835	3.1928	23.144	29.6708
14900000000.0	26.38764	1.9639875913426832	3.194	23.1425	29.659000000000002
14920000000.0	26.38408	1.9235186419766908	3.1952	23.141	29.6472
14940000000.0	26.37738	1.8828018558569148	3.1964	23.139499999999998	29.6354
14960000000.0	26.37466	1.8430118395699482	3.1976	23.137999999999998	29.623600000000003
14980000000.0	26.37097	1.8027889816284868	3.1988	23.136499999999998	29.611800000000002
15000000000.0	26.37226	1.7628139604408088	3.2	23.134999999999998	29.6
15020000000.0	26.3709	1.7225333321011063	3.2012	23.1335	29.5882
15040000000.0	26.3667	1.6824642376667458	3.2024	23.132	29.576400000000003
15060000000.0	26.36272	1.6420579456208997	3.2036	23.1305	29.564600000000002
15080000000.0	26.3639	1.601720070481732	3.2048	23.129	29.5528
15100000000.0	26.36479	1.561620607318387	3.206	23.1275	29.541
15120000000.0	26.36448	1.5217429755029699	3.2072	23.126	29.529200000000003
15140000000.0	26.36828	1.481319230164604	3.2084	23.1245	29.517400000000002
15160000000.0	26.37329	1.4401568614867943	3.2096	23.123	29.5056
15180000000.0	26.37017	1.3991323738198918	3.2108	23.1215	29.4938
15200000000.0	26.37018	1.3580693143765206	3.2119999999999997	23.12	29.482000000000003
15220000000.0	26.36757	1.3174378748571673	3.2132	23.1185	29.470200000000002
15240000000.0	26.36977	1.2768512902995905	3.2144	23.117	29.4584
15260000000.0	26.37277	1.2358699122652124	3.2156	23.1155	29.4466
15280000000.0	26.3719	1.194919775624445	3.2168	23.114	29.434800000000003
15300000000.0	26.36658	1.1540891940374394	3.218	23.1125	29.423000000000002
15320000000.0	26.36495	1.113886581915301	3.2192	23.111	29.4112
15340000000.0	26.36035	1.0733361256732403	3.2203999999999997	23.1095	29.3994
15360000000.0	26.35848	1.0327305170268168	3.2216	23.108	29.387600000000003
15380000000.0	26.35699	0.9919926124230919	3.2228	23.1065	29.3758
15400000000.0	26.36097	0.9514217358287829	3.2239999999999998	23.105	29.364
15420000000.0	26.35816	0.9100715697234584	3.2252	23.1035	29.3522
15440000000.0	26.36166	0.8691504055482743	3.2264	23.102	29.340400000000002
15460000000.0	26.36185	0.8279101951858254	3.2276	23.1005	29.3286
15480000000.0	26.36127	0.7868562114545643	3.2287999999999997	23.099	29.3168
15500000000.0	26.36056	0.7458493516131072	3.23	23.0975	29.305
15520000000.0	26.36344	0.7045772017253469	3.2312	23.096	29.293200000000002
15540000000.0	26.36187	0.6630198650378106	3.2323999999999997	23.0945	29.2814
15560000000.0	26.36028	0.621840915732107	3.2336	23.093	29.2696
15580000000.0	26.35897	0.5807422515719948	3.2348	23.0915	29.257800000000003
15600000000.0	26.35588	0.5396071100305161	3.2359999999999998	23.09	29.246000000000002
15620000000.0	26.35061	0.4981619980138831	3.2371999999999996	23.0885	29.2342
15640000000.0	26.34438	0.4572020875293046	3.2384	23.087	29.2224
15660000000.0	26.34238	0.4162214076266273	3.2396	23.0855	29.210600000000003
15680000000.0	26.3428	0.37485151930075533	3.2407999999999997	23.084	29.198800000000002
15700000000.0	26.33984	0.33361043627368053	3.242	23.0825	29.187
15720000000.0	26.33773	0.29247424753465057	3.2432	23.081	29.1752
15740000000.0	26.33548	0.2506929851040835	3.2443999999999997	23.0795	29.163400000000003
15760000000.0	26.3347	0.20954335732981322	3.2456	23.078	29.151600000000002
15780000000.0	26.33659	0.16856156041641468	3.2468	23.0765	29.1398
15800000000.0	26.33691	0.12749401547686567	3.2479999999999998	23.075	29.128
15820000000.0	26.33303	0.08628445309608188	3.2491999999999996	23.0735	29.116200000000003
15840000000.0	26.33244	0.04508300649631985	3.2504	23.072	29.104400000000002
15860000000.0	26.3321	0.004215240669600365	3.2516	23.0705	29.0926
15880000000.0	26.33144	-0.03689245556939078	3.2527999999999997	23.069	29.0808
15900000000.0	26.33115	-0.0784368768204622	3.254	23.0675	29.069000000000003
15920000000.0	26.33378	-0.12005620760302924	3.2552	23.066	29.0572
15940000000.0	26.33671	-0.16167780731362383	3.2563999999999997	23.0645	29.0454
15960000000.0	26.33842	-0.2035446606907087	3.2575999999999996	23.063	29.0336
15980000000.0	26.33449	-0.24526693099255834	3.2588	23.0615	29.021800000000002
16000000000.0	26.32965	-0.28694905872161214	3.26	23.06	29.01
16020000000.0	26.32359	-0.32821265649603765	3.2645999999999997	23.0459	29.009700000000002
16040000000.0	26.32315	-0.36967225474546217	3.2691999999999997	23.031799999999997	29.009400000000003
16060000000.0	26.31917	-0.41123552555245513	3.2737999999999996	23.017699999999998	29.0091
16080000000.0	26.3188	-0.4525458981508341	3.2784	23.0036	29.0088
16100000000.0	26.31611	-0.49401527024406977	3.283	22.9895	29.0085
16120000000.0	26.31381	-0.5354141310355249	3.2876	22.9754	29.008200000000002
16140000000.0	26.31099	-0.5775359072031561	3.2922	22.961299999999998	29.007900000000003
16160000000.0	26.30758	-0.6189497778261782	3.2967999999999997	22.9472	29.0076
16180000000.0	26.30401	-0.6611448578223932	3.3013999999999997	22.9331	29.0073
16200000000.0	26.30297	-0.7031404466851051	3.306	22.918999999999997	29.007
16220000000.0	26.30196	-0.7456976825011089	3.3106	22.904899999999998	29.006700000000002
16240000000.0	26.29913	-0.7881988932481235	3.3152	22.8908	29.006400000000003
16260000000.0	26.29228	-0.8303601138568498	3.3198	22.8767	29.0061
16280000000.0	26.28921	-0.872334060636837	3.3244	22.8626	29.0058
16300000000.0	26.28546	-0.9145338530220324	3.3289999999999997	22.848499999999998	29.0055
16320000000.0	26.28184	-0.956154545161416	3.3335999999999997	22.8344	29.005200000000002
16340000000.0	26.27824	-0.9987086393847661	3.3382	22.8203	29.004900000000003
16360000000.0	26.27895	-1.0409319937148633	3.3428	22.806199999999997	29.0046
16380000000.0	26.27788	-1.0828254808163336	3.3474	22.792099999999998	29.0043
16400000000.0	26.27494	-1.1247217604446071	3.352	22.778	29.004
16420000000.0	26.27397	-1.166753128556985	3.3566	22.7639	29.003700000000002
16440000000.0	26.26762	-1.2091672473743251	3.3611999999999997	22.7498	29.003400000000003
16460000000.0	26.26582	-1.2516450707093632	3.3657999999999997	22.735699999999998	29.0031
16480000000.0	26.26343	-1.2941433143966494	3.3704	22.7216	29.0028
16500000000.0	26.25845	-1.3369103387887429	3.375	22.7075	29.0025
16520000000.0	26.25397	-1.3792748902553265	3.3796	22.693399999999997	29.002200000000002
16540000000.0	26.24682	-1.4217963468216643	3.3842	22.679299999999998	29.001900000000003
16560000000.0	26.24174	-1.4638254460060145	3.3888	22.6652	29.0016
16580000000.0	26.23696	-1.5062331071051223	3.3933999999999997	22.6511	29.0013
16600000000.0	26.23263	-1.5482822775758707	3.3979999999999997	22.637	29.001
16620000000.0	26.23239	-1.5905298919825706	3.4026	22.622899999999998	29.000700000000002
16640000000.0	26.22688	-1.632981186312978	3.4072	22.6088	29.000400000000003
16660000000.0	26.21946	-1.6760094864940953	3.4118	22.5947	29.0001
16680000000.0	26.21194	-1.7187580103961175	3.4164	22.580599999999997	28.9998
16700000000.0	26.20189	-1.7617021857072885	3.421	22.566499999999998	28.9995
16720000000.0	26.19617	-1.8044365724423694	3.4255999999999998	22.5524	28.999200000000002
16740000000.0	26.19296	-1.847020860861779	3.4302	22.5383	28.998900000000003
16760000000.0	26.18866	-1.889191506248466	3.4348	22.5242	28.9986
16780000000.0	26.18441	-1.9315436658773606	3.4394	22.510099999999998	28.9983
16800000000.0	26.17653	-1.9743286671607496	3.444	22.496	28.998
16820000000.0	26.16997	-2.017654720512257	3.4486	22.4819	28.997700000000002
16840000000.0	26.163	-2.060696285195689	3.4532	22.467799999999997	28.997400000000003
16860000000.0	26.15114	-2.103737849879121	3.4577999999999998	22.453699999999998	28.9971
16880000000.0	26.14816	-2.1464163860781382	3.4624	22.4396	28.9968
16900000000.0	26.13625	-2.1892258219710556	3.467	22.4255	28.9965
16920000000.0	26.125	-2.2319235567918447	3.4716	22.4114	28.9962
16940000000.0	26.11339	-2.275078567876656	3.4762	22.397299999999998	28.995900000000002
16960000000.0	26.10096	-2.3177902653314617	3.4808	22.3832	28.9956
16980000000.0	26.08916	-2.3602558713617356	3.4854	22.3691	28.9953
17000000000.0	26.07427	-2.4027825639158293	3.49	22.354999999999997	28.995
17020000000.0	26.05859	-2.4446407953664093	3.4946	22.340899999999998	28.9947
17040000000.0	26.04887	-2.4868044594360885	3.4992	22.3268	28.994400000000002
17060000000.0	26.03871	-2.5293032267221505	3.5038	22.3127	28.9941
17080000000.0	26.03127	-2.5724023872708983	3.5084	22.2986	28.9938
17100000000.0	26.02354	-2.615560889014214	3.513	22.284499999999998	28.9935
17120000000.0	26.01853	-2.6587403347085536	3.5176	22.2704	28.9932
17140000000.0	26.00857	-2.7014241068953275	3.5222	22.2563	28.992900000000002
17160000000.0	25.99633	-2.7445424660658473	3.5268	22.242199999999997	28.9926
17180000000.0	25.98498	-2.7874566217138836	3.5314	22.228099999999998	28.9923
17200000000.0	25.96896	-2.8303568147279043	3.536	22.214	28.992
17220000000.0	25.95624	-2.8737282466399634	3.5406	22.1999	28.9917
17240000000.0	25.93982	-2.916687780848552	3.5452	22.1858	28.991400000000002
17260000000.0	25.92416	-2.9591498962203215	3.5498000000000003	22.171699999999998	28.9911
17280000000.0	25.90911	-3.0019122082234353	3.5544000000000002	22.1576	28.9908
17300000000.0	25.90077	-3.0447198987871	3.559	22.1435	28.9905
17320000000.0	25.88735	-3.087168051524854	3.5636	22.129399999999997	28.9902
17340000000.0	25.87214	-3.130612787265497	3.5682	22.115299999999998	28.989900000000002
17360000000.0	25.85472	3.1097561027041647	3.5728	22.1012	28.9896
17380000000.0	25.83644	3.0670182253105795	3.5774	22.0871	28.9893
17400000000.0	25.82355	3.0247742760953087	3.582	22.073	28.989
17420000000.0	25.81229	2.982354048625586	3.5866000000000002	22.058899999999998	28.9887
17440000000.0	25.79911	2.9398291014007447	3.5912	22.0448	28.988400000000002
17460000000.0	25.79296	2.897230850347319	3.5958	22.0307	28.9881
17480000000.0	25.78063	2.8543516012843226	3.6004	22.016599999999997	28.9878
17500000000.0	25.76439	2.811395557734238	3.605	22.002499999999998	28.9875
17520000000.0	25.74788	2.7682824345514736	3.6096	21.9884	28.9872
17540000000.0	25.73134	2.7253979495007212	3.6142000000000003	21.9743	28.986900000000002
17560000000.0	25.71566	2.682080622795474	3.6188000000000002	21.9602	28.9866
17580000000.0	25.70278	2.6387318801636908	3.6234	21.946099999999998	28.9863
17600000000.0	25.68328	2.5954267707632077	3.628	21.932	28.986
17620000000.0	25.66502	2.5522996849464277	3.6326	21.9179	28.9857
17640000000.0	25.64111	2.5092651015800036	3.6372	21.903799999999997	28.985400000000002
17660000000.0	25.62064	2.4669618111701648	3.6418	21.889699999999998	28.9851
17680000000.0	25.60036	2.424222188447328	3.6464000000000003	21.8756	28.9848
17700000000.0	25.58223	2.3816274280524063	3.6510000000000002	21.8615	28.9845
17720000000.0	25.56253	2.338386895834247	3.6556	21.8474	28.9842
17740000000.0	25.54214	2.2957066143059772	3.6602	21.833299999999998	28.983900000000002
17760000000.0	25.51918	2.2538832894404375	3.6648	21.8192	28.9836
17780000000.0	25.49956	2.211461316641463	3.6694	21.8051	28.9833
17800000000.0	25.48263	2.169196423475168	3.6740000000000004	21.790999999999997	28.983
17820000000.0	25.46371	2.127102572575569	3.6786000000000003	21.776899999999998	28.9827
17840000000.0	25.45188	2.084718997020139	3.6832000000000003	21.7628	28.982400000000002
17860000000.0	25.43056	2.0414662474972154	3.6878	21.7487	28.9821
17880000000.0	25.41181	1.998883704407058	3.6924	21.7346	28.9818
17900000000.0	25.39233	1.9557705812242938	3.697	21.720499999999998	28.9815
17920000000.0	25.37126	1.9130798277205125	3.7016	21.7064	28.9812
17940000000.0	25.35618	1.870444924752795	3.7062000000000004	21.6923	28.980900000000002
17960000000.0	25.33681	1.8282306461348081	3.7108000000000003	21.678199999999997	28.9806
17980000000.0	25.32225	1.785578289874571	3.7154000000000003	21.664099999999998	28.9803
18000000000.0	25.30036	1.7425962409186317	3.72	21.65	28.98
18010000000.0	25.28899	1.7210747604452148	3.72	21.65	28.98
18020000000.0	25.27604	1.6999307946890043	3.72	21.65	28.98
18030000000.0	25.26608	1.678491344690431	3.72	21.65	28.98
18040000000.0	25.25677	1.6572042619355571	3.72	21.65	28.98
18050000000.0	25.24559	1.6360245169296808	3.72	21.65	28.98
18060000000.0	25.23465	1.61463987026962	3.72	21.65	28.98
18070000000.0	25.22527	1.5933280038393678	3.72	21.65	28.98
18080000000.0	25.21716	1.5722199918657485	3.72	21.65	28.98
18090000000.0	25.20686	1.5506391701977635	3.72	21.65	28.98
18100000000.0	25.19888	1.5294393539054894	3.72	21.65	28.98
18110000000.0	25.18872	1.508286836035944	3.72	21.65	28.98
18120000000.0	25.17996	1.4863812085941632	3.72	21.65	28.98
18130000000.0	25.16656	1.4646612841847946	3.72	21.65	28.98
18140000000.0	25.15701	1.4428605510310586	3.72	21.65	28.98
18150000000.0	25.14364	1.4217876201754043	3.72	21.65	28.98
18160000000.0	25.13032	1.400880321065764	3.72	21.65	28.98
18170000000.0	25.11655	1.3798580047584177	3.72	21.65	28.98
18180000000.0	25.10666	1.35860705031906	3.72	21.65	28.98
18190000000.0	25.09389	1.3379603288667428	3.72	21.65	28.98
18200000000.0	25.08199	1.3168037967399178	3.72	21.65	28.98
18210000000.0	25.07197	1.2961504430364428	3.72	21.65	28.98
18220000000.0	25.06102	1.2755087830389564	3.72	21.65	28.98
18230000000.0	25.05751	1.2543187405904932	3.72	21.65	28.98
18240000000.0	25.04705	1.2329602738692127	3.72	21.65	28.98
18250000000.0	25.04186	1.2118847250196803	3.72	21.65	28.98
18260000000.0	25.03566	1.190634992310799	3.72	21.65	28.98
18270000000.0	25.02723	1.1691327104591538	3.72	21.65	28.98
18280000000.0	25.01968	1.1482681719161878	3.72	21.65	28.98
18290000000.0	25.00958	1.1270210572011843	3.72	21.65	28.98
18300000000.0	25.00139	1.105483345165724	3.72	21.65	28.98
18310000000.0	24.99015	1.0844268204050385	3.72	21.65	28.98
18320000000.0	24.98317	1.063165743056019	3.72	21.65	28.98
18330000000.0	24.97198	1.041517202613057	3.72	21.65	28.98
18340000000.0	24.96447	1.0200679787706728	3.72	21.65	28.98
18350000000.0	24.95408	0.9984449201347897	3.72	21.65	28.98
18360000000.0	24.94034	0.9766333659396914	3.72	21.65	28.98
18370000000.0	24.92602	0.9550499262778287	3.72	21.65	28.98
18380000000.0	24.91055	0.9328400879474252	3.72	21.65	28.98
18390000000.0	24.89674	0.9109887402453815	3.72	21.65	28.98
18400000000.0	24.88188	0.8892208192815829	3.72	21.65	28.98
18410000000.0	24.8665	0.8675366741218802	3.72	21.65	28.98
18420000000.0	24.8556	0.8459101248274934	3.72	21.65	28.98
18430000000.0	24.84109	0.8240462107548352	3.72	21.65	28.98
18440000000.0	24.82891	0.802930519332507	3.72	21.65	28.98
18450000000.0	24.81255	0.7816153367766757	3.72	21.65	28.98
18460000000.0	24.79958	0.7603128951243842	3.72	21.65	28.98
18470000000.0	24.78718	0.7389778158150804	3.72	21.65	28.98
18480000000.0	24.77167	0.7180719129688419	3.72	21.65	28.98
18490000000.0	24.755	0.6967891935370978	3.72	21.65	28.98
18500000000.0	24.74012	0.6758626958056858	3.72	21.65	28.98
18510000000.0	24.72868	0.6550646543072206	3.72	21.65	28.98
18520000000.0	24.71262	0.6344130459329976	3.72	21.65	28.98
18530000000.0	24.70007	0.6139049036232886	3.72	21.65	28.98
18540000000.0	24.68568	0.5936323807625989	3.72	21.65	28.98
18550000000.0	24.6759	0.5730757182996845	3.72	21.65	28.98
18560000000.0	24.6641	0.5527874874757268	3.72	21.65	28.98
18570000000.0	24.65453	0.5324154808476734	3.72	21.65	28.98
18580000000.0	24.64533	0.511810647297404	3.72	21.65	28.98
18590000000.0	24.63615	0.4911836480656342	3.72	21.65	28.98
18600000000.0	24.62661	0.47037583272335776	3.72	21.65	28.98
18610000000.0	24.61899	0.44969926614083133	3.72	21.65	28.98
18620000000.0	24.60905	0.42900838785843853	3.72	21.65	28.98
18630000000.0	24.5989	0.4078462706780073	3.72	21.65	28.98
18640000000.0	24.58926	0.38668537522805246	3.72	21.65	28.98
18650000000.0	24.57746	0.3655096444794557	3.72	21.65	28.98
18660000000.0	24.56502	0.3446826305154074	3.72	21.65	28.98
18670000000.0	24.55625	0.32361807724016256	3.72	21.65	28.98
18680000000.0	24.5439	0.30225751612377955	3.72	21.65	28.98
18690000000.0	24.52862	0.2813547548701947	3.72	21.65	28.98
18700000000.0	24.51672	0.2605533972461507	3.72	21.65	28.98
18710000000.0	24.5029	0.23968885870318446	3.72	21.65	28.98
18720000000.0	24.49337	0.2192124813858618	3.72	21.65	28.98
18730000000.0	24.48071	0.1987722323840554	3.72	21.65	28.98
18740000000.0	24.47412	0.1782092867358338	3.72	21.65	28.98
18750000000.0	24.46032	0.15771374570332425	3.72	21.65	28.98
18760000000.0	24.45376	0.13703091338878315	3.72	21.65	28.98
18770000000.0	24.44826	0.11662300533801623	3.72	21.65	28.98
18780000000.0	24.44062	0.09583384756544364	3.72	21.65	28.98
18790000000.0	24.43537	0.07539262117925613	3.72	21.65	28.98
18800000000.0	24.43027	0.054532603039052586	3.72	21.65	28.98
18810000000.0	24.42718	0.03376821148856581	3.72	21.65	28.98
18820000000.0	24.41657	0.012669502119859517	3.72	21.65	28.98
18830000000.0	24.41122	-0.008691004891316672	3.72	21.65	28.98
18840000000.0	24.40147	-0.029802474362184295	3.72	21.65	28.98
18850000000.0	24.39309	-0.05050815303663398	3.72	21.65	28.98
18860000000.0	24.38357	-0.07123934842474783	3.72	21.65	28.98
18870000000.0	24.37458	-0.09238732843823792	3.72	21.65	28.98
18880000000.0	24.36577	-0.11306499457819309	3.72	21.65	28.98
18890000000.0	24.35692	-0.13431272015843468	3.72	21.65	28.98
18900000000.0	24.35054	-0.15533353548262444	3.72	21.65	28.98
18910000000.0	24.34348	-0.1761777234865124	3.72	21.65	28.98
18920000000.0	24.3351	-0.19734263319374687	3.72	21.65	28.98
18930000000.0	24.32903	-0.2183783885363337	3.72	21.65	28.98
18940000000.0	24.32176	-0.23910748952934516	3.72	21.65	28.98
18950000000.0	24.31626	-0.2600228171535444	3.72	21.65	28.98
18960000000.0	24.31203	-0.28085785963215193	3.72	21.65	28.98
18970000000.0	24.30582	-0.3015026612222921	3.72	21.65	28.98
18980000000.0	24.29664	-0.3220802676362304	3.72	21.65	28.98
18990000000.0	24.28997	-0.3429165318453143	3.72	21.65	28.98
19000000000.0	24.28302	-0.3640844086122771	3.72	21.65	28.98
19010000000.0	24.27698	-0.3849630843221845	3.72	21.65	28.98
19020000000.0	24.27321	-0.40617895764357714	3.72	21.65	28.98
19030000000.0	24.26779	-0.42717282508411614	3.72	21.65	28.98
19040000000.0	24.26421	-0.44881263888081824	3.72	21.65	28.98
19050000000.0	24.25838	-0.4702896134583092	3.72	21.65	28.98
19060000000.0	24.25163	-0.49141560232322423	3.72	21.65	28.98
19070000000.0	24.24561	-0.5128711093509157	3.72	21.65	28.98
19080000000.0	24.237	-0.5337215107269407	3.72	21.65	28.98
19090000000.0	24.22894	-0.5550042301586848	3.72	21.65	28.98
19100000000.0	24.21827	-0.5758151870936148	3.72	21.65	28.98
19110000000.0	24.20767	-0.5969432703536323	3.72	21.65	28.98
19120000000.0	24.19653	-0.6181172557729769	3.72	21.65	28.98
19130000000.0	24.18514	-0.6395115017439235	3.72	21.65	28.98
19140000000.0	24.17257	-0.6606825201035399	3.72	21.65	28.98
19150000000.0	24.16315	-0.6822526952630874	3.72	21.65	28.98
19160000000.0	24.15048	-0.7036043552002853	3.72	21.65	28.98
19170000000.0	24.14353	-0.7248935323502618	3.72	21.65	28.98
19180000000.0	24.13391	-0.7460984100973668	3.72	21.65	28.98
19190000000.0	24.12514	-0.7671947283649978	3.72	21.65	28.98
19200000000.0	24.11524	-0.7879643209966556	3.72	21.65	28.98
19210000000.0	24.1058	-0.8088848846086107	3.72	21.65	28.98
19220000000.0	24.09358	-0.8295935652493739	3.72	21.65	28.98
19230000000.0	24.08471	-0.8501661102084814	3.72	21.65	28.98
19240000000.0	24.07242	-0.8704538174336636	3.72	21.65	28.98
19250000000.0	24.05952	-0.8909630069409237	3.72	21.65	28.98
19260000000.0	24.04929	-0.9117043252386992	3.72	21.65	28.98
19270000000.0	24.0439	-0.9327680058493178	3.72	21.65	28.98
19280000000.0	24.03166	-0.9538163275625191	3.72	21.65	28.98
19290000000.0	24.02079	-0.9752055120786348	3.72	21.65	28.98
19300000000.0	24.01083	-0.9964557683862917	3.72	21.65	28.98
19310000000.0	23.99592	-1.0178329101305688	3.72	21.65	28.98
19320000000.0	23.98853	-1.0389365587810582	3.72	21.65	28.98
19330000000.0	23.98031	-1.0596309277219549	3.72	21.65	28.98
19340000000.0	23.97054	-1.0808862454844426	3.72	21.65	28.98
19350000000.0	23.96161	-1.1018781930628045	3.72	21.65	28.98
19360000000.0	23.94838	-1.12308778319889	3.72	21.65	28.98
19370000000.0	23.93869	-1.144213772063805	3.72	21.65	28.98
19380000000.0	23.92977	-1.1652229984017615	3.72	21.65	28.98
19390000000.0	23.92218	-1.1858787955661891	3.72	21.65	28.98
19400000000.0	23.91452	-1.2065975991166138	3.72	21.65	28.98
19410000000.0	23.90439	-1.2275350924223134	3.72	21.65	28.98
19420000000.0	23.8979	-1.2485296579945533	3.72	21.65	28.98
19430000000.0	23.89212	-1.2693324118819989	3.72	21.65	28.98
19440000000.0	23.88527	-1.2899039096435552	3.72	21.65	28.98
19450000000.0	23.87932	-1.311337774588522	3.72	21.65	28.98
19460000000.0	23.87149	-1.3319452261326694	3.72	21.65	28.98
19470000000.0	23.85986	-1.352816222393868	3.72	21.65	28.98
19480000000.0	23.8492	-1.3740027741838272	3.72	21.65	28.98
19490000000.0	23.84036	-1.3949486450699364	3.72	21.65	28.98
19500000000.0	23.83239	-1.4155470209019734	3.72	21.65	28.98
19510000000.0	23.82275	-1.4366536366121911	3.72	21.65	28.98
19520000000.0	23.81204	-1.4575646009132603	3.72	21.65	28.98
19530000000.0	23.80561	-1.478576445245095	3.72	21.65	28.98
19540000000.0	23.79878	-1.5002237639575806	3.72	21.65	28.98
19550000000.0	23.79093	-1.521299312807113	3.72	21.65	28.98
19560000000.0	23.78267	-1.5424914496506785	3.72	21.65	28.98
19570000000.0	23.77438	-1.5636504252384562	3.72	21.65	28.98
19580000000.0	23.76606	-1.5842676506264148	3.72	21.65	28.98
19590000000.0	23.75657	-1.6053538459843844	3.72	21.65	28.98
19600000000.0	23.74776	-1.6260976077431126	3.72	21.65	28.98
19610000000.0	23.74101	-1.6469082156121921	3.72	21.65	28.98
19620000000.0	23.7321	-1.6677443052883507	3.72	21.65	28.98
19630000000.0	23.71638	-1.6882109087618624	3.72	21.65	28.98
19640000000.0	23.70947	-1.7092606267384651	3.72	21.65	28.98
19650000000.0	23.69894	-1.7291771024317482	3.72	21.65	28.98
19660000000.0	23.69147	-1.7498985239760505	3.72	21.65	28.98
19670000000.0	23.68232	-1.770081511446113	3.72	21.65	28.98
19680000000.0	23.67771	-1.7912959885041042	3.72	21.65	28.98
19690000000.0	23.67168	-1.8118926190068894	3.72	21.65	28.98
19700000000.0	23.66619	-1.832908128530153	3.72	21.65	28.98
19710000000.0	23.66304	-1.854173220136452	3.72	21.65	28.98
19720000000.0	23.65337	-1.8756617138870062	3.72	21.65	28.98
19730000000.0	23.64492	-1.896907606871533	3.72	21.65	28.98
19740000000.0	23.63533	-1.9179789669308607	3.72	21.65	28.98
19750000000.0	23.62867	-1.9390154204051482	3.72	21.65	28.98
19760000000.0	23.62073	-1.9598965395760086	3.72	21.65	28.98
19770000000.0	23.61464	-1.9804687354692656	3.72	21.65	28.98
19780000000.0	23.60708	-2.00123989889725	3.72	21.65	28.98
19790000000.0	23.59707	-2.021984882386455	3.72	21.65	28.98
19800000000.0	23.59213	-2.0429183614348747	3.72	21.65	28.98
19810000000.0	23.58388	-2.0638954737145947	3.72	21.65	28.98
19820000000.0	23.57579	-2.0848254621045106	3.72	21.65	28.98
19830000000.0	23.56431	-2.1063174465135686	3.72	21.65	28.98
19840000000.0	23.55678	-2.1279874545063304	3.72	21.65	28.98
19850000000.0	23.5495	-2.1493398125752288	3.72	21.65	28.98
19860000000.0	23.53528	-2.170833542313539	3.72	21.65	28.98
19870000000.0	23.52629	-2.1925192582695687	3.72	21.65	28.98
19880000000.0	23.51856	-2.2137860952051196	3.72	21.65	28.98
19890000000.0	23.50633	-2.2349709016658266	3.72	21.65	28.98
19900000000.0	23.49911	-2.2562080680040935	3.72	21.65	28.98
19910000000.0	23.48944	-2.277026355321882	3.72	21.65	28.98
19920000000.0	23.4807	-2.2977678481525827	3.72	21.65	28.98
19930000000.0	23.47312	-2.3178356438920136	3.72	21.65	28.98
19940000000.0	23.46231	-2.338962854487405	3.72	21.65	28.98
19950000000.0	23.45174	-2.359365753443219	3.72	21.65	28.98
19960000000.0	23.44468	-2.380157860822227	3.72	21.65	28.98
19970000000.0	23.43433	-2.4000144717221668	3.72	21.65	28.98
19980000000.0	23.42436	-2.4210387078916904	3.72	21.65	28.98
19990000000.0	23.41759	-2.4415271279808515	3.72	21.65	28.98
20000000000.0	23.40736	-2.4621621557271802	3.72	21.65	28.98
